document_id,diagnosis_phrase
903116,
1036203,Influenza-like symptoms with fever and productive cough
256860,portosystemic encephalopathy
1195646,permanent AF
1804841,bilateral aspiration pneumonia with type 1 respiratory failure
869076,lung adenocarcinoma - diagnosis a few years ago - received oral chemotherapy until July 2022 - at CT WB follow-up increase of nodular lesions 29 mm right basal pyramid and inferior horn of the right pulmonary hilum of 36 mm - right nodular lesion of 34 mm - pleural effusion of 20 mm on the right - not yet evaluated by the oncologist
715369,presyncope
854887,Hypertensive heart disease
120579,Ischemic heart disease with hypokinetic evolution
52473,"fracture of the medial wall and of the medial floor with entrapment of the inferior rectus muscle and, to a lesser degree, of the ipsilateral medial rectus"
1402178,decompensated congestive heart failure and sepsis
1291971,NSTEMI (angioplasty performed and stent placed on LCx–obtuse marginal (OM) branch)
766326,"bilateral femoropopliteal arteriopathy with moderate-grade stenosis but preserved patency of the common and deep femoral arteries, superficial femoral arteries occluded with reduced flow from recanalization at the level of the popliteal arteries and at the level of the posterior and anterior tibial arteries"
751803,Left atrial appendage with reduced flow velocity
53833,suspected heart failure decompensation and pneumonia
1388062,diffuse colicky abdominal pain
1312370,Pneumonia
1270088,mild aortic stenosis in hypertensive heart disease
1648479,
11911,severe aortic stenosis
1829184,"CAD: in January 2009 inferior STEMI, treated with PTCA + stent on RCA; echocardiogram with normal EF"
1009974,
389015,transient episode of expressive aphasia
1065330,ischemic-arrhythmic cardiomyopathy
589001,newly diagnosed atrial fibrillation
437559,"COPD, not on LTOT"
442220,glycemic decompensation
1546913,
867924,
941734,hypokinetic cardiomyopathy newly found in AF of undeterminable onset
522236,multiple disc protrusions from C2 to C6
1303331,diffuse atheromatosis bilaterally
644419,"colorectal adenocarcinoma of the rectosigmoid junction, stage 1, no metastases"
1123345,COPD exacerbation and rapid AF
782146,urinary tract infection
1028946,syncope
557234,left basal pneumonia (radiographically occult)
254019,generalized seizure
521978,Tuberous sclerosis
1133867,progressive cognitive deterioration with memory gaps and decreased functional autonomy
1528915,nocturnal dyspnea in HF exacerbation
217148,pulmonary adenocarcinoma in follow-up
775844,infective endocarditis on aortic bioprosthesis
1204685,
1094186,acute acalculous pancreatitis
52783,Small-cell neuroendocrine carcinoma with lymph node + adrenal mets
878005,LBBB on ECG
7660,Pulmonary embolism
1776696,aneurysmal degeneration and infection of the right femoro-distal bypass
984975,ischemic-hypertensive heart disease status post revascularization
1532363,heart failure
1575341,high-grade urothelial carcinoma suspected
710055,Awaiting TURBT for bladder cancer
1741529,Pneumonia
865037,LOC with spontaneous recovery
1630456,
501019,Chronic headache
1698819,massive PE and pulmonary infarction
1674634,cyclic vomiting syndrome
989490,Severe COPD
1029779,
1704803,anasarca not responsive to diuretic therapy
1222739,respiratory failure in heart failure and acute asthmatic bronchitis
975758,"Multifactorial liver cirrhosis (alcohol, HCV, HBV) with marked thrombocytopenia and esophageal venous ectasias"
501481,unstable angina
477326,Acute decompensated heart failure
1126468,left hemithorax pain
40103,severe thrombocytopenia (PLT 2000 /mcL) and anemia 7.4/dl
47446,Acute cholecystitis
255399,postprandial presyncopal episode
261156,
1301226,Sepsis due to right ureteral lithiasis
433849,decompensation in known dilated hypokinetic cardiomyopathy with normal coronaries
1190743,"syncope, PE, hydronephrosis in urinary retention"
1729936,
1608637,"Three-vessel coronary artery disease; PCI with drug-eluting stent of the mid LAD and PL branch of the LCx, and PCI with drug-eluting stent on the proximal RCA"
1501125,paroxysmal AF
940868,paroxysmal AF
142068,retrosternal chest pain
679259,UTI due to Klebsiella pneumoniae
515764,lacerated-contused wound of the eyelid margin
1426718,"right parieto-basal hydropneumothorax with maximum thickness of 8 cm, abundant pleural effusion in the postero-basal region, also consolidation with air bronchogram on the left"
1567924,COPD exacerbation
1717352,Critical bilateral ICA stenosis: left ICA 85% and left ECA 65% - right ICA 25%
1774125,severe AS associated with severe depression of LV systolic function (EF 30%)
1599285,"right basal pneumonia in s, myelodysplastic (Hb on 09/01 7,2 gr/dl)"
882572,"NSTEMI with mid Cx occlusion and subocclusive stenosis of LAD I - II, both treated with PCI and DES"
1228581,Moderate AS
1144059,Parkinson's disease
2136,
1314566,suspected lung neoplasm
1229756,"cramp-like pain in the hypogastric, midline prepubic area, radiating to the R testicle"
165324,paroxysmal AF
587713,CKD stage V from diabetic nephropathy awaiting initiation of dialysis
1742772,"moderate aortic valve stenosis, mild MR (transmitral flow morphology of grade III diastolic dysfunction)"
235068,Intermittent chest and left arm pain
1207,NSTEMI
442295,inferior STEMI treated with PCI
1818952,hypokinetic cardiomyopathy and right pleural effusion + severe mitral regurgitation
1590345,COPD with severe obstructive defect
567285,rectal bleeding
558897,Diverticulosis
616282,pneumonia
1220707,"Recurrent syncope preceded by prodromes, labeled as vasovagal"
1583337,atypical chest pain
1589542,cognitive decline
144674,"urothelial carcinoma, stage IV; previously underwent chemotherapy and FU with radical cystectomy and bilateral urostomies with pulmonary mets"
825973,hyperkalemia 6.9 mE1/l
1486210,"loco-regional recurrence for which 1st-line chemotherapy started, initially with cisplatin and gemcitabine, then shift to carboplatin due to renal insufficiency and febrile neutropenia after the 1st cycle"
1643710,interstitial lung disease likely iatrogenic post-chemotherapy
903255,Hypertensive heart disease
299920,
589339,"CORONARY ANGIOGRAPHY performed showing good result of previous stenting on LCx and OM, good result of previous multiple arterial graft on LAD, OM and right PDA; critical atheromatous disease of one coronary vessel (distal LAD). Coronary angioplasty with implantation of a single drug-eluting stent on Left Anterior Descending complicated by VF recognized and treated by the patient’s defibrillator at the 2nd shock."
883404,suspected syncopal episode
873047,syncope
412903,PAF on NOAC
530023,Right humerus fracture
1547752,low back pain in prior T11 collapse
837260,ANCA+ extracapillary proliferative glomerulonephritis
1640723,"suspected pulmonary metastasis, left upper lobe"
938754,
13140,suspected herpetic neuralgia
1706044,
121348,COPD exacerbation
910054,Inferoposterior STEMI: PCI + DES to RCA - elective angioplasty to LAD
375612,DDD pacemaker for syncope and paroxysmal blocks
660565,"vascular encephalopathy, dementia"
1326473,bedbound syndrome in a very elderly patient
1221380,subocclusion
1531512,ACS-NSTEMI with heart failure
1721898,irregular palpitations lasting one hour
1498430,exacerbation of previously unrecognized COPD and middle lobe atelectasis
21045,retrosternal chest pain radiating bilaterally to the hemithoraces and posteriorly
1048043,suspected angina
881052,Borderline Personality Disorder
28406,Hypertensive heart disease
1027971,newly detected hypertension with atypical chest pain concomitant with elevated blood pressure
1015484,"NSTEMI, spontaneous coronary artery dissection of the distal left anterior descending artery with recanalization. Hypertension. Normal left ventricular function, dyslipidemia"
205127,syncope of unclear mechanism with subsequent head trauma
605259,syncope due to conduction system disease
1218962,SAD; known periodic panic attacks
530235,COPD in a smoker; hospitalization for exacerbation in February 2021; finding of a 13 mm nodule warranting re-evaluation at 3 months
461160,prior stroke with right hemiplegia with residual right hemibody weakness
1628379,stabbing pain in the left subscapular area
1764848,likely bronchial asthma
28449,ADENOCARCINOMA
1342368,
983859,uncontrolled blood pressure
518223,Ischemic heart disease with hypokinetic-dilated progression
354336,Suspected ischemic CAD due to anginal pain - normal coronaries
1037186,left renal neoplasm
750488,c/ OSGB from LUOGO
49557,Antiphospholipid antibody syndrome (triple aPL) with prior DVT and PE
343844,"Chronic headache, followed at Headache Center, currently in treatment with neurofeedback"
671488,COVID-19
1494485,bacterial peritonitis due to A. baumannii
1544248,hypokinetic cardiomyopathy with worsened EF
438568,Myelodysplastic syndrome
1142211,
991634,
173126,suspected orchiepididymitis
152542,critical ischemia of the left lower limb
1091638,suspected pneumonia
1373672,Emphysematous cholecystitis with contained perforation
1454693,acute respiratory infection with fever
1416754,orthostatic hypotension and aortic valve stenosis
1639973,probable microvascular angina
73376,
4581,
993139,acute abdomen
514598,CAD. Inferolateral MI in 2013; PTCA + 2 DES on Cx.
706080,massive bilateral PE
702468,CAD treated with medical therapy. In 1997 AMI; on coronary angiography subcritical stenosis of distal LAD
1085951,lower gastrointestinal bleeding
1414769,
1154709,severe aortic stenosis for which TAVI performed in 5/2020 at H NOME_PERSONA
1339227,COPD exacerbation
350621,heart failure in hypokinetic cardiomyopathy and aortic valve stenosis
797793,heart failure in ischemic-valvular heart disease
205684,Known RBBB
570975,heart failure with bilateral pleural effusion
1256151,fecal impaction
1147932,productive cough with pink-tinged sputum
1077998,"pulmonary, hepatic, and adrenal metastases from breast Ca with good response to hormone therapy and ribociclib"
1309059,hyperfunctioning parathyroid formation
904435,bronchitic exacerbation
1092477,confusional state
1540670,NSTEMI with concomitant COPD exacerbation
1000666,Lacerated-contused wound at the frontal level with skin abrasion over previous basal cell carcinoma
1620289,polytrauma
1432153,spondylodiscitis of the thoracic spine
448390,"volumetric increase of the large presacral and precoccygeal fibrotic mass, inseparable from the posterior bladder wall, encompassing the colorectal anastomosis, with air bubbles within a fistulous tract that projects into a centrally colliquated 7 cm mass extending to the perineal plane, inseparable from the coccyx and laterally from the gluteus maximus. Posterior bladder wall with extensive adhesions conglutinating with the bladder dome and the terminal ileal loops, with grade I hydronephrosis."
1009168,Hypokinetic cardiomyopathy of ischemic origin with dilated evolution
579063,ACS - unstable angina in ischemic-valvular CMP
53203,presyncopal episode with loss of consciousness and frontal head trauma
500739,dyspnea
1725184,chronic antral gastropathy
1825714,suspected multiple myeloma
1610212,right hydronephrosis with multiple calculi
139173,post-STEMI rehabilitation
46657,"acute dyspnea, chest pain, and back pain"
1295322,"lymphadenopathy of secondary appearance in the lomboaortic region, some with liquefactive appearance, the largest 23 mm near the aortic bifurcation"
729787,CAD
713901,benign prostatic hyperplasia (BPH) with acute urinary retention
1495056,acute dorso-lumbar back pain
648414,Ca of likely ovarian-Müllerian origin
456616,Cognitive decline
1575413,Membranous glomerulopathy (biopsy performed) and multiple treatments with only partial response
386268,progressive loss of autonomy
1077935,Hypertensive-valvular heart disease
1053896,Cerebrovascular disease with significant cognitive decline
236975,"CAD. In 9/2020 finding of ventricular bigeminy; on TTE EF 48% with hypokinesia of the apex and basal and mid inferior wall; on coronary CTA LAD diffusely atheromatous, 50–60% LAD II stenosis, critical LCx, RCA 60% stenosis."
16227,LV apical thrombus
1263516,severe mitral regurgitation
308810,right ischemic stroke (right MCA M1 M2)
1673554,epigastric abdominal pain
548435,Wide-complex tachycardia
1566850,Chronic cerebrovascular disease
1577251,invasive lung adenocarcinoma G2 pT1b pN0
1565133,suspected ACS
1376982,
828384,aortic stenosis with prior indication for cch intervention
558299,
1340072,Transient global amnesia
1579119,suspected peritoneal carcinomatosis
1655292,extrinsic allergic alveolitis
76694,COVID+ since 31/03
746068,"Severe left flank pain radiating anteriorly to the epigastrium and right hypochondrium, band-like"
643334,"lung adenocarcinoma with bone, hepatic, splenic, and lymph node metastases"
463848,papillary carcinoma
783322,"Hypokinetic dilated post-ischemic cardiomyopathy; on coronary angiography critical stenosis of RCA II and LCx II > PTCA + stent, last coronary angiography in 2013: good stent result; Echocardiography 7/2014: EF 15%"
1776546,chronic lower-extremity lymphedema with elephantiasis
1523854,
1434909,repeated episodes of bronchitis
708709,multiple parenchymal consolidations likely inflammatory in nature
388889,sepsis of cutaneous origin with associated pneumonia (endocarditis not excludable)
1253436,paroxysmal AF and hemodynamic overload in a hemodialyzed patient
506719,DIABETES WITH DIABETIC NEUROPATHY
896923,Recurrence of AdempCa with suspected mets to the lung (middle lobe) and liver (segments V-VI-VII)
39763,Suspected COVID-19
159758,severe aortic stenosis awaiting evaluation for TAVI
1183291,Paroxysmal AF
1730489,craniofacial trauma and R elbow trauma
1715731,
304813,lumbar trauma
621295,hepatic cirrhosis
74610,SARS-CoV-2 infection
1550879,congestive heart failure in arrhythmic cardiopathy with respiratory + metabolic acidosis and severe hypoxemia
472734,presyncopal episode
390141,begniml
607461,drug-resistant epilepsy
1377024,mediastinal non-Hodgkin lymphoma (2003)
429174,malfunctioning encrusted catheter
928384,Acute pancreatitis
1654972,SARS-CoV-2 positivity
958948,pharyngitis
1721008,Acute coronary syndrome
1572660,basilar pneumonia in COPD
1071022,dual-chamber pacemaker for first-degree AV block with episodes of Mobitz 1 and 2:1 AV block and EAS
278409,Severe multifactorial anemia with positive fecal Hb
1566925,chronic heart failure
813693,COPD with severe obstructive defect
963432,COVID-19
1649997,"CAD, prior NSTEMI in 1996 - last cardiology visit 1/23, last echocardiogram 10/22: EF 59%, akinesia of basal and mid inferior wall, hypokinesia of inferolaterobasal wall and mid lateral wall; at the last cardiology evaluation in January 2023 findings unchanged from the previous."
801340,major depression
478589,
787874,Post-sleeve gastrectomy gastritis
673803,"COPD GOLD III, with Type 2 respiratory failure on home oxygen therapy"
118854,
833054,worsening lower limb edema
1189222,Recurrent pericarditis
1767048,acute pulmonary edema
899189,Diffuse nodular NHL diagnosed in 2009
1708908,acute pulmonary edema in ischemic-valvular cardiomyopathy with hypokinetic progression
814308,gastritis
563115,Permanent AF on DOAC
700327,Hemorrhagic transformation of a known left hemispheric ischemic lesion with greater evidence of the hemorrhagic component and reduction of perilesional edema with less shift on the frontal horn of the left lateral ventricle
1073600,AF with low ventricular response
1158722,Recurrence of AF
458542,Displaced OPN fracture
1544458,likely situational syncope due to orthostatic hypotension
1285766,third-degree AV block with narrow QRS
995045,acute respiratory failure
828154,Pneumonia
1244043,Arrhythmic heart disease ablated
950184,COVID-19
1288605,"Ischemic-hypertensive-valvular cardiomyopathy; underwent implantation of 2 MitraClips (mild residual MR), EF 45%"
577636,probable syncopal episode (LOC with very rapid regain of consciousness; in the ED finding of orthostatic hypotension)
844624,possible aneurysm of the right sinus of LUOGO
333902,moderate–severe MR due to second-order chordal rupture
1560100,Progressive cognitive decline with memory deficits
1446253,"2021 finding of adenocarcinoma of the right colic flexure - ascending colon, non-metastatic"
1150236,left posterior semicircular canal canalolithiasis
567193,picture of decompensation in known hypokinetic dilated cardiomyopathy with normal coronaries
870788,epigastric pain
1814760,Takotsubo
842334,chronic venous thromboembolism
538071,systemic lymphoproliferative disease
756859,Carrier of DDDR St Jude Med pacemaker for brady-tachy syndrome
686834,Acute appendicitis
1243180,sub-occlusive in-stent restenosis on the ostial-proximal segment of the right coronary artery
482576,fibrosing interstitial lung disease + emphysema
1114493,Ischemic-hypertensive heart disease s/p revascularization
577765,Hypertensive-ischemic cardiomyopathy with hypokinetic progression and known LBBB
523787,left lower limb edema and pain at the left knee and left calf
694257,
1528708,intractable hiccups
361907,Allergic asthma
266874,pancreatic neoplasm with mucinous lesion and low-grade dysplasia
906134,acute pulmonary edema
870505,SARS-CoV-2 positive
1680595,transient ischemic attack
1538560,loss of consciousness resulting in head trauma
1334290,hematoma on the lateral aspect of the left hemithorax
1503990,newly detected hypokinetic cardiomyopathy
903271,gastric adenocarcinoma
308854,exacerbated COPD and heart failure
504588,heart failure with right pleural effusion
851420,chronic gastritis and GERD
718069,Mitral valve prolapse with MR
1489850,microvascular angina vs myocardial bridge
1127312,Aortic valve stenosis
1827003,Pneumonia
1361758,Type 2 respiratory failure in COPD
1652437,"Heart failure with acute pulmonary edema, CAD ad evoluzione ipocinetica, single-vessel coronary artery disease due to subocclusive thrombosis treated with angioplasty and drug-eluting stent implantation, EF 39%, AF of undatable onset with high burden"
836962,type 2 chronic respiratory failure
1629910,NSTEMI during AF
524495,heart failure due to tachy AF in COPD and prior lobectomy
1459994,Chronic AF on NOAC; LBBB; known hypertensive heart disease with hypokinetic evolution
320624,"multifocal pneumonia and heart failure, complicated by renal insufficiency and anemia of mixed origin (chronic disease and vitamin B12 deficiency)"
158987,Infrarenal abdominal aortic dilation
1179346,hypotension
864225,left breast pain
902708,anterior ST elevation
839490,Mantle cell non-Hodgkin lymphoma
683653,Liver cirrhosis PARENTE B with portal hypertension; mild congestive gastropathy of the fundus and antral erosive gastropathy. Splenomegaly. Finding of questionable hepatic nodules; recent MRI showing likely areas of altered vascularization warranting imaging follow-up.
849970,Extensive anterior STEMI due to LAD occlusion
725934,"chronic exotoxic hepatopathy, HCV-related + episodes of porto-systemic encephalopathy + pancytopenia (Hb about 9, PLTs 55000) in hypersplenism and portal hypertension with ascites, hepatic nodule of uncertain interpretation (HCC? hepatic regeneration?) on CT of 8/2021"
881398,"right heart failure in chronic venous thromboembolism, COPD/obesity-hypoventilation syndrome, chronic type 2 respiratory failure, chronic autoimmune thrombocytopenia, chronic right suppurative otitis media"
792270,tachycardia
522849,
424079,probable rheumatoid arthritis
105206,Colon adenocarcinoma with multiple mets
1155671,obstruction due to right colon neoplasm
1702728,
696122,pneumoencephalus
1110674,COPD; active smoker
1374649,Hypertensive heart disease with Biotronik pacemaker
180490,Hypertrophic cardiomyopathy
283480,probable overdose of trittico and minias
68617,hypokinetic cardiomyopathy with severe mitral valve disease
336213,AF with high burden
37181,
1397321,foreign body sensation in the pharynx (food bolus of focaccia crust)
1297685,fracture of left ribs 8-9
1705123,right flank ecchymosis with tenderness and pain during cough
1402355,probable right anterior cerebral artery aneurysm
1316431,dilated cardiomyopathy with hypokinetic evolution (EF 35%)
310252,Hypertensive valvular heart disease with prior finding of heart failure; echocardiographic EF 50% with moderate MR and TR and finding of ventricular extrasystoles
179579,psychomotor agitation
562365,likely absence seizure with clonus of the right upper limb
1696259,vasovagal syncope
1495472,"Hypertrophic cardiomyopathy, underwent myectomy in 1982; evolution to hypokinetic; prior hospitalization for heart failure in 2014; negative coronary angiography; hypertensive acute pulmonary edema in 2015; EF 31% -> ICD placed for primary prevention"
382945,Arnold–Chiari syndrome
1556699,hypertensive-ischemic-valvular heart disease
422088,hypodermitis of the lower extremities in chronic lymphedema with ulcers
612293,SQUAMOUS CARCINOMA
1015721,"diffuse degenerative areas on a spondylotic basis with decreased intersomatic space height, anterolisthesis of L4 over L5, reduced physiologic lordosis"
1132403,acute hypoxic respiratory failure
1700864,Valvular heart disease: aortic and mitral valve prostheses
467002,
703120,
312225,worsening dyspnea for some months
1481757,Heart failure exacerbation
1213855,acute ischemia of the left upper limb
356954,Type 1 respiratory failure in SARS-CoV-2 infection
805966,neck phlegmon
642310,
920383,multiple myeloma with multiple osteolytic lesions and impending fracture of the proximal left femur
85177,COVID pneumonia
327848,heart failure decompensation
1800496,ischemic stroke
595821,head trauma
431875,Small cell lung cancer (SCLC)
764328,subacute STEMI
695334,critical ischemia of the left lower limb
1117309,"low-flow, low-gradient aortic stenosis with markedly reduced EF"
1176672,"Possible endometriosis with September 2018 CA 125 110, highest value."
426694,likely AF with high ventricular rate
774628,dependent edema
1593439,Non-ischemic hypokinetic cardiomyopathy with arrhythmic profile
1665716,Suspected COPD + allergic asthma
1054261,critical two-vessel coronary artery disease of the right coronary artery and the anterior descending
1424661,tachycardia with HR 150 with LBBB conduction
878516,retrosternal chest pain with exertion
1660037,"Critical ostial stenosis of the RCA; 30–40% stenosis at the LM ostium, critical stenoses in segments I and II of the left anterior descending. At the origin and in the proximal and mid segment of the circumflex branch, other mixed atheromatous noncritical lesions. Indication for coronary angiography."
818820,left hemispheric subdural hematoma of approximately 12 mm causing a midline shift of approximately 5 mm
1031831,"Hypertensive-hypokinetic cardiomyopathy (EF 40% due to infero-posterolateral hypokinesia, dilated LA, moderate eccentric MR)"
320287,suspected atheromatosis of the abdominal aorta
622255,severe head trauma with cerebral hemorrhage
130044,"mild mitral regurgitation, mild left ventricular hypertrophy, preserved EF, mild tricuspid regurgitation"
1213403,right reducible inguinal hernia
1782848,psychomotor agitation
1576242,CAD with hypokinetic evolution. October 2022 anterolateral STEMI
1694820,end-stage COPD exacerbation
782318,2:1 AV block
806708,
139749,nephrotic syndrome
130559,left pleural effusion with ipsilateral basal consolidation
1359106,coronary artery disease
913501,cardiac arrest
1251214,respiratory acidosis
445638,"syncopal episodes with prodromes (abdominal pain, blurred vision, and reported palpitations)"
194623,vascular parkinsonism
382266,"Acute abdominal pain with nausea, vomiting, and diarrhea"
440027,"grade I diastolic dysfunction, mild MR, mild TR with PASP 25 mmHg"
1408214,Ischemic-hypertensive heart disease
441640,Ideomotor slowing in febrile state of possible pulmonary or urinary origin
888749,Alzheimer disease with cognitive deterioration
4740,biventricular failure
1387868,advanced AV block
822472,severe atrophic gastritis with intestinal metaplasia + posterior wall dysplasia awaiting intervention
1343980,severe aortic stenosis and mitral stenosis with secondary pulmonary hypertension
23447,COVID with type 1 respiratory failure
1601716,septic cardiomyopathy
1566261,"Hypokinetic-dilated cardiomyopathy, residual EF 30%"
122638,DDDR pacemaker for intolerance to antiarrhythmic therapy
24212,subacute ischemic stroke
1763861,
361742,"1/2015: STEMI + PTCA and implantation of 2 drug-eluting stents, 10/2015: in-stent restenosis; PTCA performed with implantation of one drug-eluting stent"
389798,epilepsy
848571,"Tricuspid atresia, status post multiple procedures"
1308157,
172382,
1537370,post-micturition syncope
207550,Atrial flutter
1723807,long segmental occlusion of the left MCA M2–M3 with recanalization of the vessel
249538,revascularized ischemic CAD
786472,"ischemic heart disease known since 2003: STEMI treated with thrombolysis and subsequent coronary angiography with angioplasty + stenting on LAD and RCA; 03/2012 NSTEMI treated with angioplasty/thromboaspiration + drug-eluting stent on RCA (in-stent occlusion) and angioplasty + drug-eluting stent on OM, slender diagonal branches and ramus intermedius reported (LAD with subcritical ostial and mid stenoses). Echocardiogram 9/2013: LV of normal size with concentric remodeling, EF 54% with segmental wall motion abnormalities"
840476,heart failure
141234,Anaphylaxis secondary to insect sting
799403,anterior STEMI
1231793,heart failure decompensation during hypertensive crisis
1401184,suspected rectal arterial bleeding
357603,COVID-19 pneumonia
92688,congestive heart failure in hypokinetic cardiomyopathy with MR
49107,
1229558,UIP pattern with right fibrothorax and pericardial effusion
931398,acute exacerbation of COPD with hypoxic respiratory failure
360273,severe depressive disorder
829113,right pleural effusion with maximum thickness 9 cm with atelectasis of the middle lobe and the basal segments of the lower lobe
259222,ischemic stroke with AF
1478142,Lumbar spinal canal stenosis syndrome
210287,Multidistrict vasculopathy complicated by hand-foot ulcers
1038418,Asthma
1382657,Senile dementia
1194601,Stage IV lung cancer
1663093,episodes of chest pain of probable non-cardiac etiology
228230,"fracture of the calcaneus with multiple radiating fracture lines with mild depression, and an essentially non-displaced fracture of the greater tuberosity and the left humeral neck"
1317778,acute decompensated heart failure
133060,recurrent syncope in disease of the infranodal conduction pathways
82003,COVID-related pneumonia
223392,pneumonia
847826,chronic liver disease likely alcohol-related
1596869,acute calculous cholecystitis
768111,Alzheimer's dementia
1299250,syncope
1327023,"atheromatosis of supra-aortic trunks: right ICA stenosis 35–40%, left ICA stenosis 30–35%"
1080448,AKI due to likely hyperuricemia
103870,hypokinetic cardiomyopathy
956976,urinary tract infection
1306648,Post-meningitic epileptic encephalopathy with severe mental impairment
1725971,persistent AF
1174763,"multifocal pneumonia and heart failure, complicated by renal failure and anemia of mixed origin (chronic disease and vitamin B12 deficiency)"
250148,left frontal poroencephalic lesion
1019766,suspected rectal carcinoma
1561298,Persistent febrile state following COVID+ infection
757002,bronchiectasis
1223368,"valvular heart disease (replacement of the aortic valve with Epic no.23 biological prosthesis in 2009) --> last echocardiogram in 2021: LV dilated hypertrophic. EF 64, RV dilated normocontractile, biatrial dilation with predominant sagittal component. Thickened calcified mitral leaflets with mild hypomobility, particularly LPM, mean gradient 6.3 mmHg, MVA 2.2-2.3 cm2; mild MR, mild stenosis <<<7lieve moderate. Aortic bioprosthesis in place, periprosthetic spaces intact, mean/max gradient 38.5/19 mmHg (mismatch?); minimal central AR. Elevated sPAP with IVC not dilated, collapsible. No VSD"
60510,intestinal subocclusion with fecal impaction and sigmoid diverticulosis
700014,syncope with subdural hematoma
949458,left pyelonephritis
296565,Valvular heart disease with arrhythmia
1417526,Squamous cell carcinoma of the right lower lung lobe (cT2 cN2 cM0)
1198158,"late-onset asthma, uncontrolled"
503879,heart failure
1453013,
491749,"calcific aortic stenosis, underwent valve replacement with bioprosthesis in 2013"
1447839,chronic heart failure in known hypokinetic cardiomyopathy with indication for medical therapy
1389355,"post-infarction ischemic heart disease, multi-revascularized, with hypokinetic evolution"
773484,left ureteral lithiasis with rupture of the excretory tract
268967,SARS-CoV-2 pneumonia
996505,acute cholecystitis
852982,progressively worsening dyspnea over the last 2 days
792436,incidental finding of pulmonary embolism
1765577,L5 radiculoneuritis
371425,"new diagnosis of pulmonary adenocarcinoma with costal infiltration and of the intercostal mmk with bone, pleural, contralateral pulmonary, brain and splenic mets and thoracic and abdominal lymph node mets; jugular thrombosis"
728173,"acute-on-chronic type 2 respiratory failure associated with right pneumonia in a patient with severe end-stage pulmonary emphysema, colonization by vancomycin-resistant E. faecium"
446021,partial seizures of the left hemibody
1587498,heart failure with severe pericardial effusion
697154,well-differentiated neuroendocrine neoplasm originating from the ileocecal valve (Ki 67 2%) expressing somatostatin receptors with hepatic and osseous secondary lesions
353934,Ischemic cardiomyopathy with hypokinetic-dilated progression
845041,Hodgkin lymphoma
762106,exertional dyspnea secondary to anemia
902102,Ischemic heart disease revascularized in 2017 (PTCA on MO). Echocardiogram (2017): EF 60%
291670,congestive heart failure
471456,Hypertensive acute pulmonary edema
1331112,left tibial fracture
60088,thrombosis of the accessory great saphenous vein in the right leg
665137,Hypertensive heart disease with severe LV hypertrophy
1334573,"Pulmonary adenocarcinoma, anterior segment of the left upper lobe"
583357,Paroxysmal AF known since 2016
703697,COPD with pachypleuritis and bronchiectasis
1255685,subcritical ischemic heart disease
1517601,suspected ischemic stroke
1652693,"stage IV lung adenocarcinoma with nodal, brain, hepatic, and skeletal disease progression"
414348,chronic transplant glomerulopathy associated with acute transplant glomerulopathy and capillaritis
1687141,constrictive headache with associated aura-like symptoms
1334440,suspicion for UTI
1261796,CKD with moderate MR and TR
1406601,severe acute type 2 respiratory failure with mild chronic hypercapnia in COPD with associated restrictive ventilatory impairment in a heavy active smoker
1469857,Right lung squamous cell carcinoma - diagnosis 08/2022: right main bronchus with right pulmonary atelectasis and mediastinal invasion
1819699,suspected dissociative episode
212606,Chiari syndrome type 1
216692,diastolic heart failure in restrictive cardiomyopathy with secondary pleural effusion
1723414,multilobulated abscess in the left submandibular area with a maximum axial diameter of approximately 58 mm
626834,lung neoplasm with brain and adrenal mets
519871,
742959,Paroxysmal atrial fibrillation
1496122,head trauma
531826,progressive cognitive decline
1137712,"chest pain with typical and atypical characteristics (pressure-like, long duration, not related to exertion) with orthopnea and nocturnal respiratory difficulty"
902341,
356550,heart failure with pericardial effusion
192479,COPD with high-grade centrilobular emphysema and hypoxic–hypercapnic respiratory failure on LTOT
546281,possible pudendal nerve compromise
579757,type A aortic dissection with severe AR in known aneurysm of the ascending thoracic aorta
73852,chronic type 2 respiratory failure
67842,"Cognitive decline in VCC and prior ischemic stroke (on head CT, area of encephalomalacia in bilateral frontal region as sequelae of prior vascular lesion)"
1024923,acute vertiginous syndrome
321868,moderate paravalvular aortic regurgitation
1448897,suspected pleural mesothelioma not histologically confirmed
434118,sacral trauma
1107495,Bronchial squamous cell carcinoma of the right upper lobe diagnosed 12/2021 - underwent RT 10 sessions - total-body CT April 2022 with disease stability / slight retraction
471310,likely mild heart failure in chronic cor pulmonale
461238,fever and urinary retention with mental confusion concomitant with febrile episodes in UTI
89492,febrile diarrhea
1215686,severe aortic stenosis
1034630,bilateral pleural effusion with right basal consolidation
1028963,increase in size of known nodular lesion in the middle lobe
295564,"Layer of acute right hemispheric subdural hematoma on a concomitant ipsilateral hypodense layer, producing mass effect on the adjacent brain parenchyma, on the right lateral ventricle, and on the midline structures, shifted toward the left by about 10 mm"
114425,S. Pneumonia (suspected aspiration in a dysphagic patient?)
1600972,"akinesia of the true apex, hypo-akinesia of the mid-distal anterolateral and inferolateral walls, akinesia of the inferior wall, hypokinesia of the inferior septum"
367168,extensive hemorrhage of the entire brainstem
1247419,postprandial syncope with persistently reduced BP values in a hypertensive on therapy and recent weight loss
732591,
1342871,respiratory alkalosis
302065,
523976,AF a penetranza medio-alta
307657,
1408651,marked increase in right pleural effusion
701063,AKI in rhabdomyolysis from prolonged time on the ground - sepsis of undetermined origin (urinary tract?) - heart failure in cirrhotic liver disease
1275711,septic shock due to intestinal ischemia from obstruction and loop torsion
866341,mild interstitial syndrome at the bases with possible small subpleural consolidations bibasilar R>L
808381,
1533539,bilateral pulmonary consolidations in lymphoma (disease progression at the pulmonary level with bacterial superinfection? pneumocystosis? other?)
1448157,acute respiratory distress syndrome (ARDS)
1238661,type 1 respiratory failure in pneumonia
1029345,
370294,progressively worsening dyspnea for at least one week
1047185,Atrial fibrillation with high penetrance in heart failure with bilateral pleural effusion in newly detected hypokinetic cardiomyopathy
787282,
262334,persistent pain of the right and left hemithorax that is exacerbated by palpation and by breathing
160955,Persistent RLE pain with difficulty mobilizing
1821095,likely progressive lesion in the RLL
1705702,metastatic disease from occult ca hypothesized to originate from the prostate
21698,"presence of a limited hypodense area in the right cerebellar region, of not-excludable recent ischemic nature"
23211,Possible angina from supply–demand mismatch in hypertensive crisis + rapid AF
266208,acute pulmonary edema
360692,
1287391,heart failure in LUOGO with hypokinetic evolution
1750262,"symptomatic AF with RVR of dateable onset, underwent ECV"
940986,"metastatic sigmoid adenocarcinoma (liver, right pleural effusion)"
671406,clinical worsening with somnolence and hypothermia in likely CAP without respiratory failure - known hypothyroidism already under treatment (slightly underdosed)
1326885,right basal parenchymal consolidation with air bronchogram
1020921,"abdominal pain in newly detected hepatic lesions, suspicious for neoplastic (primary from HCC/secondary?)"
684100,
650951,post-arrest ECG: sfuato inferior-posterior STEMI
535864,
618705,probable treatment with isoniazid in relation to Rituximab therapy following a probable negative Quantiferon
39100,comminuted displaced fracture OPN
958497,hydroureteronephrosis
899128,severe tricuspid regurgitation with possible endocarditis
1215360,
1819676,acute erythematous-pultaceous tonsillitis
919342,Dyspnea due to diaphragmatic compression in a patient with abundant ascitic effusion and loculated pleural effusion in toxic hepatopathy
1319010,SLE
475108,advanced terminal oncologic disease
1089591,acute pulmonary edema
600710,sepsis in left lobar pneumonia + subtle consolidations of the right upper lobe with mild RF
1174937,"sepsis with MOF in a patient with pancreatic carcinoma on active chemotherapy, pancytopenic at nadir"
546606,allergic reaction
491713,
632893,Possible confusional episode in VCC in a very elderly patient; minor stroke not excludable
565026,Bilateral mid-basal B-lines (B2 pattern) (known interstitial disease)
513288,"small left basal pleural effusion obliterating the costophrenic recess and visible in 2 intercostal spaces, with associated ipsilateral basal interstitial syndrome originating from an irregular pleural line"
1638573,
421445,respiratory distress of diastolic origin in hypertensive acute pulmonary edema
776715,doubtful faint cortico-subcortical hypodensity of more probable artifactual nature (cannot exclude ischemic nature)
860677,AF with LBBB conduction
942263,hiatal hernia
321097,right femoral fracture
795706,type 2 respiratory failure in cardiogenic pulmonary edema + septic component / pulmonary focus cannot be excluded
384466,right lumbosciatica
576924,acute decompensated heart failure
1767368,left parietal stellate lacerocontused wound
648668,lacerocontused wound of the left hemithorax in assault with a bladed weapon - increased lactate (resolved) in likely substance abuse
285499,retrosternal pain
351398,likely ischemic neurological event > 24 hours
889722,pneumonia in SARS-CoV-2 infection with likely bacterial superinfection and UTI in severe dementia and COPD on LTOT
448784,
813065,acute respiratory distress syndrome
222218,accidental head trauma + lumbosacral spine trauma
952605,large left retroperitoneal hematoma
1014171,appreciable round anechoic lesion at the hepatic hilum
1519778,lithium toxicity
1748889,"AF, extrasystoles, LBBB"
1034338,COVID+
444482,severe hemoptysis
611109,fever in a patient with recurrent UTIs and colonized by KPC Klebsiella pneumoniae
154386,"extensive thickening of the sigmoid wall, with signs of diverticulitis and mild stranding of the locoregional perivisceral adipose tissue"
1567069,CO2 narcosis with opioid overload
1315006,bronchospasm
410254,"worsening exertional dyspnea, orthopnea and PND"
1823060,sepsis possibly pulmonary in origin
701785,"Possible radio-occult pneumonia and urinary tract infection, in a patient with COPD-emphysematous, poorly compliant with home therapy"
920392,
337464,fracture of the middle third of the left clavicle
423502,"reduced systolic function (estimated EF 30%), globally hypokinetic"
689169,"mild interstitial syndrome in the anterior fields bilaterally and posteriorly at the mid-basal level bilaterally, originating from an irregular pleural line, small right basal parenchymal consolidation"
781224,situational LOC
1125289,occlusion of the recently placed stent
1333592,probable sepsis of intestinal origin (symptomatic with diarrhea) plus respiratory
4156,"severe aortic valve stenosis (gradient 65/42 mmHg, AVA 0.85 cm^2)"
746441,left bronchopneumonic focus
1308877,bilateral pulmonary consolidations
4541,head trauma in probable fall to the ground of doubtful nature (lower limbs giving way? syncope?)
207418,Atrial fibrillation with moderate-high ventricular response
198856,"right parietobasal pleural effusion layer reaching up to the V costal arch, partially loculated, with hypoventilatory consolidation of the contiguous lung parenchyma"
51894,urinary tract infection and gesto eutolesvo
252234,left parasagittal frontal intraparenchymal hemorrhagic focus
13805,possible tetanus
481986,bigeminal rhythm
1211786,pericardial effusion 1 cm with fibrin at the apical level
1148611,"fracture of the lateral orbital wall, slightly displaced, with a fragment impressing the lateral rectus muscle; non-displaced fracture of the orbital floor; fracture of the posterior wall of the maxillary sinus, of the sphenoid, and of the zygomatic arch"
466399,bilateral basal pleural effusion
1228759,severe aortic stenosis
1518752,segmental PE
263342,"large infrarenal abdominal aortic aneurysm (maximum diameter 73 mm, longitudinal extent approximately 13 cm), an equally large aneurysm of the left common iliac artery (maximum diameter 75 mm, longitudinal extent approximately 8 cm) and a smaller aneurysm of the right common iliac artery (diameter 30 mm, longitudinal extent 4 cm), all with eccentric endoluminal thrombotic deposits; finding of a large right retroperitoneal hematoma with longitudinal extension of approximately 25 cm, transverse diameter of approximately 10 cm, maximum thickness of approximately 9 cm, arranged to occupy the posterior pararenal space with anterior displacement of the kidney and compression of the vena cava, caudally extending down to the ipsilateral iliac fossa."
975319,senile dementia with episodes of visual hallucinations
816384,diffuse mid-to-basal bilateral B-lines with consolidation at the left base and small consolidation at the right base
1116662,LOC with brief seizure
371268,possible ischemic heart disease
870171,circumferential pericardial effusion with maximal thickness 1 cm
1528935,increase in volume of the right adrenal gland
1079994,worsening dysphagia with inability to feed in bronchitis
417079,"left pleural effusion 3 cm, inflammatory foci on the right, ascending aortic ectasia"
1319325,acute-on-chronic ischemia of the right lower extremity
129639,INR overdose
571411,bilateral ground-glass pulmonary opacities compatible with alveolar hemorrhage of probable laceration-contusion nature
708526,"severe diabetic ketoacidosis (triggered by skin infection?) with possible associated ischemic/hemorrhagic stroke, in AF newly detected, in a patient with metabolic syndrome and decompensated diabetes and a history of head trauma about 8 days ago"
248767,possible mild aortic stenosis
1452046,"Right carotid TIA in pt with prior FAP, intracranial stenosis not confirmed"
329823,moderate-to-severe aortic stenosis and moderate aortic regurgitation
709881,
1057502,multiple bilateral ischemic events consistent with an embolic shower from possible endocarditis
941485,hypokinetic dilated cardiomyopathy with normal coronaries
814498,worsening edema of the oropharynx and palatine pillars and arytenoids
702010,coronary CT indicated
974429,suspected uterine sarcoma
225353,clinical picture of intestinal subocclusion due to fecaloma
934848,diffuse interstitial syndrome
465339,right frontal brain lesion of undefined nature (non-recent ischemic? heteroplastic?)
905606,epileptic seizure in progression of oncologic disease (pulmonary neoplasm with brain metastases worsening in number and size)
234757,focal hyperechogenicity of the cortex of the right renal pole (inflammation? focus of pyelonephritis?)
572724,rhabdomyolysis
842103,
214325,Type 1 respiratory failure in the context of decompensated heart failure with AF with high penetrance in a very elderly woman
608535,6 mm subdural hematoma
1532374,"Type I respiratory failure, respiratory alkalosis"
320000,CKD secondary to nephropathy never biopsied
126372,bilateral basal pleural effusion with consolidation of the underlying lung parenchyma and associated focal basal bilateral interstitial syndrome
71123,gallbladder lithiasic formation with posterior acoustic shadowing
51779,type 1 respiratory failure due to pulmonary focus in complete cachexia
116798,suspected upper GI bleeding
1097705,"left pleural effusion of undetermined etiology, possible post-COVID pleuritis"
481333,heart failure decompensation
773145,"Type 1 respiratory failure in biventricular heart failure with slight TnT rise and component of bronchitic exacerbation in a severely obese, multi-comorbid patient"
79245,Severe anemia with Hb 2.9
1817795,left basal consolidation
1407796,dehydration
483819,"significant perihepatic hemoperitoneum partially layering in the pelvic cavity, likely due to bleeding originating from a round mass in hepatic segment VI, approximately 5 cm in diameter, subcapsular and partially exophytic"
395385,Fracture of the IX rib at the posterior axillary line
509892,
1713338,SARS-CoV-2 infection
1722772,
840492,Symptomatic right-sided HF
1029683,
869102,multiple parenchymal consolidations with pneumothorax and bronchial injury
902560,
1441231,bilateral B1 interstitial syndrome with subpleural irregularities
1179787,carotid sinus syndrome
540467,parenchymal consolidation with associated air bronchogram involving the right basal pyramid
843821,HF in hypertensive ischemic arrhythmic cardiopathy
702526,
2730,cholelithiasis with mild dilation VB
503745,"NSTEMI due to supply–demand mismatch during rapid AF, anemization in a patient on hemodialysis"
361124,"heart failure with bilateral pleural effusion greater on the left in a patient with PM, AF on anticoagulation, moderately reduced EF"
531547,"L subdural hematoma near the vertex, 7 mm thick"
1520770,dislocation of the right shoulder
1353332,atrial fibrillation
1037207,
520350,Suspected sepsis secondary to possible pneumonia
1771629,
778033,suspicion for encephalic lesion (primary?)
1698057,severe sepsis with secondary hypothermia and hypoglycemia
57739,"Both-bone fracture of the left leg, comminuted fracture of the proximal left humerus, and left olecranon fracture"
1677989,expansile lesion in the apical and mid-basal segments of the right lower lobe
293678,"hypokalemia, neutrophilic leukocytosis, first-degree AV block, LAFB, prolonged QTc"
685874,"AF a elevata penetranza with HR 125, LBBB unknown"
600932,biventricular heart failure in hypertensive arrhythmic cardiopathy
1619831,symptomatic stroke with dysarthria
995834,
1801043,Right hemopneumothorax (corresponding to a dorsal stab wound)
531841,"AAA with mural thrombus, maximal diameter 56 mm"
359489,LOC due to orthostatic hypotension
1059674,"sinus bradycardia during nocturnal sleep hours, sinoatrial block cannot be excluded"
1069530,acute cholangitis
1155032,
994531,SARS-CoV-2 pneumonia without respiratory failure
623180,"anomic aphasia and circumlocutions, possible component of receptive aphasia"
861536,gastrointestinal perforation in the setting of recent radical cystoprostatectomy per Bricker
520154,"fusiform infrarenal abdominal aortic aneurysm 35 x 35 mm, approximately 5 cm long"
1517050,"severe biatrial enlargement, LV dilated and moderately hypokinetic, MR, bilateral basal pleural effusion with underlying atelectatic lung with static air bronchogram"
1750964,"hypertrophic LV, especially at the septum"
774864,stage IV lung neoplasm with lymph node and brain metastases
1191191,Gastroenteritic episode? Bronchitis? Early septic picture?
77627,severe respiratory distress
32547,"Left apico-parietal pneumothorax (maximum thickness 3-4 mm), second episode (first episode July 2020, not treated with drainage)"
327562,Biventricular HF in valvular ischemic heart disease with signs of pulmonary hypertension
17101,ST elevation V2–V3–V4 with Q in V2–3 – T-wave inversion in lateral leads
1585677,suspected cholangitis
162951,"moderate bilateral pleural effusion with partial atelectasis of the underlying lung, bilateral B-lines in the mid fields, bilateral pleural sliding"
198678,lower respiratory tract infection
511347,musculoskeletal pain
220974,"left parietobasal pleural effusion with maximal thickness of approximately 3 cm, associated ipsilaterally with extensive heterogeneous inflammatory parenchymal opacification involving almost all segments, with diffuse bronchial wall thickening, assuming a more consolidative appearance in the upper lobe posteriorly in continuity with the fissure and apically, where there is at least one area with a cavitary appearance within it"
424293,mild pleural effusion at the left costophrenic recess; mild pleural effusion at the right costophrenic recess that ascends a camicia into the upper intercostal space with mild associated ipsilateral interstitial syndrome
643444,
799920,IR1 with recurrence of right pleural effusion - post-traumatic D12 collapse with indication for mobilization with orthopedic brace - glycemic decompensation in T2DM
1400530,
347685,suspected postictal state in probable seizure on hypoxic basis + hypocalcemia in pneumonia with type 1 respiratory failure
508051,possible parenchymal consolidation of the left upper lobe
307733,bilateral interstitial syndrome with global hypokinesis and right ventricular dysfunction
81466,Respiratory failure and evidence of aspiration
353113,"epigastric pain radiating to the chest, burning, with an episode of food-containing emesis, with a sense of agitation and dyspnea"
1697210,IVC dilated and poorly collapsible
1160669,Sequelae of prior ischemic stroke
415569,episodes of altered level of consciousness (somnolence and stiffening) in possible seizures
1318663,type 2 respiratory failure
826233,VCC - sequelae of prior left parieto-occipital stroke
1221409,right heart failure
41469,metabolic acidosis with respiratory compensation
661268,left pleural effusion
880257,Worsening asthenia in a patient with neoplastic disease undergoing diagnostic workup
1198594,strong suspicion of febrile disease on disimmune basis
1738675,possible PNEUMONIA
371921,Type 1 respiratory failure in AF with high ventricular response during dialysis in end-stage CKD on thrice-weekly dialysis therapy
362160,acute hypertensive syndrome
853185,COVID-19
1370047,Head trauma on ASA from a likely accidental fall with mild rhabdomyolysis
368667,acute decompensated heart failure with bilateral pleural effusions
556536,"New-onset bradycardic AF, dateable within 24 hours"
1654232,
353925,hypertrophic LV with visually estimated EF within normal limits
1601483,"Syncopal episode of unclear etiology (vasovagal origin cannot be excluded as consequent to intense pain in the left hemiface - on ECG complete RBBB not previously documented, CTA negative for pulmonary embolism, TnT plateau on 2 measurements)"
54423,SARS-CoV-2 pneumonia with type 1 respiratory failure
978749,mild left pleural effusion
115595,severe right pleural effusion with associated pulmonary atelectasis
1609109,"Sepsis originating from the urinary tract, recently discharged from Surgery OSGB for sepsis originating from the urinary tract (urine culture positive for MRSA) and infection of rectal stump"
127067,COVID-19 pneumonia
779749,Cholelithiasis
32775,right frontal hemorrhagic lesion with midline shift
1401581,"Left femoral and iliac DVT in a patient with abdominal neoplasm of likely adnexal origin and with pulmonary metastases undergoing diagnostic work-up, AKI on CKD"
82962,
1765458,suspected lymphoproliferative disease
1831077,angina likely due to mismatch in pt with multiple CV risk factors
786400,Left ventricular hypertrophy with septal dyskinesia
616462,UTI
930353,Subacute STEMI (Takotsubo and concomitant acute acalculous cholecystitis
1668766,focal B-line pattern at the right basal region with associated minute subpleural parenchymal consolidation
712090,Right lower limb skin infection
1455582,
1265084,hemothorax following stab wound at the level of the left hemithorax
5116,right medial gastrocnemius DVT
953626,aortic dissection and cardiac rupture excluded on CT. Presence of a pericardial effusion of about 15 mm and left pleural effusion with a pulmonary picture of interstitial disease in paraseptal emphysema. Also presence of a perisplenic fluid layer.
1042452,interstitial syndrome at the right base with minimal right pleural effusion
121492,lytic metastasis of the L3 vertebral body
1277717,"Extremely critical clinical condition, preterminal"
1831467,high thrombotic risk related to the genetic condition
1743208,unstable penetrating ulcer with need for BP control and control TYC abdomen at 12 hours
965340,
214077,stupor in sepsis of undetermined origin
1475148,suspected atrial flutter
699857,severe left pleural effusion in heart failure in valvular heart disease (moderate–severe AS)
1322029,recurrence in the pelvic excavation (solid lobulated inhomogeneous formation)
1781529,diffuse interstitial syndrome bilaterally with mild bilateral pleural effusions (greater on the left)
1526868,bilateral interstitial syndrome with subpleural consolidations
1808756,torsades de pointes in alcohol user due to possible hypokalemia
126704,heart failure decompensation in probable sepsis originating from the urinary tract
1601131,gastric ulcer
633392,suspected Guillain-Barré syndrome with COVID positivity
1258250,left hand hyposthenia
1030406,severe pleural effusion
707689,"multifocal pneumonia causing type 2 respiratory failure, hemodynamic compromise and impaired sensorium; concomitant acute cerebrovascular event cannot be excluded on known chronic cerebral vasculopathy"
870758,"NSTEMI in 2017; coronary angiography: critical single-vessel disease of distal IVP without indication for percutaneous treatment; EF preserved at that time; Echocardiogram 6/22: EF 42%, akinesia of the inferior septum and mid-basal inferior wall; E/e' 17. Aortic root 35 mm."
1614662,fever in UTI
65818,increase in hepatic cytolysis indices compatible with an effect from capecitabine
1424577,SAH in a patient with a known AComA aneurysm
945479,mild rhabdomyolysis (slight transaminase change likely contextual)
627643,pneumatosis of the bowel wall
414101,right-sided unilateral pleural effusion
1209904,L5-S1 disc disease
12386,acalculous cholecystitis
731178,metabolic alkalosis
551332,
479626,dependent edema
343043,syncopes of cardiogenic origin (MSC diagnostic for 6-sec pause; on monitor during pdc additional 6-sec pause)
848059,metabolic acidosis with anion gap
1371683,right basal interstitial syndrome with possible small parenchymal consolidation
1691218,distended gallbladder with large intraluminal stone and thickened walls (5.6 mm) in the absence of pericholecystic fluid
92531,SARS-CoV-2 pneumonia
232175,large left hemispheric hematoma 5 cm x 7
847960,bronchitic exacerbation in patient with emphysematous COPD on home LTOT
1380344,mild heart failure in hypertensive-valvular heart disease
482924,hypokalemia
1827394,
762919,left pertrochanteric fracture
1166080,probable lateralizing signs from left cerebral stroke (MCA?)
1386867,
1221940,anemia
1425000,solid expansile lesion of evolving appearance in the left oropharyngeal region with bony erosion of the left mandible + ipsilateral maxillary bone
133681,mild pleural effusion with consolidation of the pulmonary parenchyma and mild focal interstitial syndrome
376834,Left basal pneumonia
670992,probable cholecystectomy (gallbladder not visible - the pt does not recall if prior cholecystectomy)
149752,faint hyperdensity at the level of a right temporal cortical sulcus
93092,
539586,left basal consolidation associated with bilateral pleural effusion in a setting of pulmonary fibrosis and COPD
1791508,altered mental status in inflammatory process likely originating from the urinary tract vs ischemic stroke not excludable
120962,"LV hypokinetic, estimated EF 25–30%"
40666,"large intraparenchymal hematoma in an atypical right frontoparietal location with compressive effect on surrounding structures, particularly on the brainstem, which shows signs of ischemic injury"
524639,severe sepsis/septic shock of unclear abdominal origin
354090,"probable heart failure in AF with high penetrance, likely secondary to the decompensation"
942190,Absence episodes suspicious for seizure etiopathogenesis in a very elderly patient with VCC and a history of seizures in prior subdural hematoma
562561,"possible picture of viral illness of ndd (asthenia, myalgias, diarrhea)"
586797,LOC in the setting of enteritis with nonspecific TnT change
1208259,loss of consciousness and snoring respirations
35113,
426354,compatible with early delirium
1594720,syncope
77247,type 1 respiratory failure in SASR CoV2 pneumonia
724267,Acquired hemophilia A
991032,severe senile dementia
298377,acute respiratory distress syndrome (ARDS)
687858,possible right calico pielite
853868,"SARS-CoV-2 infection in an unvaccinated patient, without current respiratory failure and with questionable pulmonary inflammation on X-ray without laboratory correlate"
1775598,worsening respiratory failure and renal failure
1493269,multiple lacerocontused wounds of the abdomen and posterior chest
914729,small left cerebellar lesion of uncertain interpretation and incidental finding with indication for further outpatient investigations
1630908,
53660,acute bronchitis
976539,bibasal pleural effusion layer with adjacent lung consolidated
1645357,
124282,newly detected renal insufficiency in a hypertensive on ARB therapy
1374299,
1344885,"massive PE (left main branch 50% occluded, right main branch almost completely occluded; lobar and segmental branches involved bilaterally)"
1657317,diffuse B-lines in all left fields
744315,AF with nonspecific repolarization abnormalities
893024,Type 1 respiratory failure in bronchitis
1500316,sacral trauma
429329,extensive mid-basal subpleural consolidation with hepatized parenchyma and air bronchogram
927142,bronchitic exacerbation and fever in a patient with asthmatic-phenotype COPD
288005,diffuse ground-glass opacities compatible with an inflammatory process
1761409,acute coronary syndrome
1340814,"symptomatic hypoglycemia in a known diabetic patient, currently euglycemic"
548972,left posterior-basal consolidation and right basal hypoventilation
726737,cachexia
41030,right basal pneumonia
1674034,mild heart failure
1496559,
48303,SARS-CoV-2 pneumonia with severe respiratory failure
1306665,"possible aspiration pneumonia (dysphagic patient, bedside ultrasound finding of right basal consolidation, respiratory failure, UTI excluded)"
1712900,femoro-popliteal DVT of the left lower limb
294324,massive right subhemispheric intraparenchymal hemorrhage with brainstem involvement and tetraventricular flooding
566735,Bilateral PE involving both main pulmonary arteries and the lobar and segmental branches
502705,suspected pneumonia
697669,respiratory alkalosis with type 1 respiratory failure
143541,SPLENOMEGALY AND PORTAL HYPERTENSION (Esophageal varices F1–F2 with some red signs and bilinear cytopenia)
1204947,DVT of right sural vein
597722,"severely reduced left ventricular wall motion, markedly hypertrophic septum, no pericardial effusion, MR and AR mild–moderate, RV dilated hypokinetic"
1064001,inflammatory pulmonary focus in the left middle-lower third
1102653,
1611490,
1153659,"LV hypertrophic, dilated, ballooning apex, lateral wall hypo-akinetic, mild MR, moderate-severe AR, RV dilated, normokinetic"
726515,"diffuse arthralgias/myalgias, asthenia, nausea, and epigastric pain"
1269915,severe R pleural effusion
500624,sinus bradycardia
373828,inflammatory process of abdominal origin
1211783,presyncope of probable hypotensive origin
1734639,progressively worsening asthenia and disequilibrium
808710,suspected PE
1727466,marked dilation of the intrahepatic bile ducts and CBD
92082,subacute infarction
724746,neuralgic-type pain
1620025,
107479,
1327168,"atrial fibrillation newly detected, onset not datable"
1585378,
126101,
770616,multifocal pneumonia in an obese female
541886,confusion
630526,diffuse peri- and intramuscular hematoma of the deep belly of the medial gastrocnemius muscle
966137,"Comminuted fracture of the right hemimaxilla, with likely loss of three teeth"
539348,acute pulmonary edema in AKI
1560559,pneumonia with arrhythmic cardiopathy
1717333,T9 vertebral collapse
700438,"bilateral pleural effusion, moderate, greater on the right"
806590,acute gastritis ongoing
86749,"marked dilation of the intrahepatic bile ducts and the common bile duct, within whose lumen an echogenic formation, possibly representing lithiasic material"
540213,AF with rapid ventricular response
61846,basal left pleural haziness
1470250,thromboembolism at the level of the arterial branch supplying the anterior segment of the right upper lobe
986529,left basal pneumonia
1144472,episode of non-excludable ischemic significance
1035778,severe pericardial effusion
1355462,severe sepsis from renal inflammation in oncologic patient with hepatic derangement from secondary involvement in prior operated colon cancer - recent severe sepsis from MDR in cholangitis at placement of DTBEI
486985,Syncope of likely multifactorial vasovagal origin (after a meal more abundant than usual on a particularly hot day) + iatrogenic hypotension + moderate aortic stenosis newly detected
574804,embolic event in the setting of poorly anticoagulated AF with currently no signs of peripheral ischemia
424152,chronic low back pain exacerbated in the last few days
1426837,somnolent state with substance use
464,indication for outpatient coronary CT
1609449,NSTEMI due to mismatch in microcytic anemia
1245698,
1462988,"Chronic multifactorial dyspnea: chronic heart failure, obesity, bedbound due to low back pain in vertebral collapses"
19038,"diffusely heterogeneous echotexture of the liver with at least one solid hypoechoic nodular lesion of 13 mm maximum diameter, likely secondary in nature"
166762,
1276145,syncope in orthostatic hypotension (iatrogenic component - currently on diuretic and antihypertensive therapy)
166352,
173355,"multiple nodular formations in both lung parenchyma, of suspected secondary nature"
1168553,
516562,"Massive SAH with distribution of blood in the pretruncal cisterns, in the basal cisterns, and in the cistern and fissure NOME_PERSONA on the right. Concomitant intraparenchymal hematoma likely from fissuration in the right temporopolar region and in the midline frontal region with blood suffusion in the sulci of the frontal convexity, particularly on the right. This picture is due to rupture of a bilobed aneurysm of the right posterior communicating artery with maximum dimensions of 12 mm and a very slender neck. Small aneurysmal outpouching also at the origin of the left posterior communicating artery with maximum dimensions of 3 mm."
1472605,confirmed opacity in the right apical region (expression of solid tissue)
435686,severe hypokalemia
1106174,moderate pericardial effusion (20-22 mm maximum in the inferior location in subcostal view) without hemodynamic impact
1416471,type 1 respiratory failure
1454260,cardiac arrest
600010,membranous glomerulonephritis
513933,chronic cor pulmonale
1675873,
132907,right hemispheric intraparenchymal hematoma with significant midline shift
1300254,SAH with flooding of the basal cisterns and the fourth ventricle
1486284,hypertensive acute pulmonary edema in the setting of AF with RVR
357004,Heart failure
561248,left lateral cervical-shoulder-hemithoracic pain of likely muscular origin
883943,acute respiratory failure
51711,"SARS-CoV-2–related pneumonia with virus identified (Ag+, PCR+ on 30/4 in the community - contact with PARENTE and PARENTE cohabiting positives)"
1066856,cardiac neoplasm with PET-positive left pulmonary nodules
1456352,moderate left pleural effusion with pulmonary atelectasis and mild–moderate right effusion with minimal right basal consolidation
260647,
1565927,type 1 respiratory failure
31512,extensive parenchymal consolidations involving all segments of all lobes of both lungs
1159988,acute pulmonary edema
1528197,
1387777,ascending thoracic aorta ectasia 48 mm
514152,cachectic habitus with severe pathologic thinness
226758,severe right basal pleural effusion
52409,
1724069,COVID+; syncope apparently without prodromes
952403,cardiogenic shock secondary to severe MI due to rupture of a chorda tendinea
1728000,postoperative ileus
263,likely acute appendicitis
1231543,anemization in GEL bleeding with melena (EGD negative)
102988,"metabolic acidosis with increased anion gap, hyperosmolar hyperglycemic syndrome in insulin-treated type 2 DM following self-discontinuation of home therapy"
1600992,possible underlying conduction pathway disease (SSS?)
463107,left ventricular wall motion with EF 55% and septal dyskinesia
1487804,poorly controlled pain at the left knee
481203,iatrogenic hyperkalemia
86502,"necrotic ulcer of the left foot and ankle, distal necrosis of the 1st and 2nd toe"
1686189,postural instability
86225,acute coronary syndrome
36810,metastatic lung cancer with marked intracranial progression
1618205,heart failure decompensation in cardiomyopathy with hypokinetic evolution
1032091,"recurrent presyncope in a carrier of a malfunctioning pacemaker (at the second check after pacemaker revision, functioning normally), currently no other evident causes of presyncope/syncope - head trauma on OAC"
790672,open fracture of the left ankle
801220,intestinal obstruction in metastatic colorectal cancer without indications for active therapy - SARS-CoV-2 infection without evidence of respiratory failure
1531087,chronic lymphocytic leukemia
89644,left basal pleural effusion associated with consolidation of the underlying parenchyma (probable due to hypoventilation)
1459394,type 1 respiratory failure
1500687,severe hypothermia with alcohol intoxication
1658816,possible pleural carcinomatosis
24644,acute-on-chronic respiratory acidosis
1516345,minimal subarachnoid hemorrhage
798442,foreign bodies in stomach and ileal loops
513696,"presyncope likely due to orthostatic hypotension in a very elderly patient with head trauma, head FLC, cerebral hemorrhagic foci and facial skeleton fractures"
475284,"intense abdominal tenderness, with tense abdomen, non trattabile"
131880,"global wall motion moderately reduced (visual EF 45-50%), LV hypertrophy, hypokinesis of the anterior and inferior wall"
626231,severe global LV hypokinesia with EF estimated around 20%
1581863,suspected osteomyelitis in diabetic foot + PAD
879736,"Right submandibular swelling, warm and tender to palpation"
1051918,LV with increased wall thickness
800959,Known diagnosis of RA RF/CCP+ with concomitant interstitial lung disease
612219,AF with LBBB (pacemaker in situ)
1390834,persistent hypotension and oligoanuria
611738,acute exacerbation of COPD with fever
1009798,moderate aortic stenosis
129800,wake-up ischemic stroke of probable cardioembolic origin
1059786,lymphadenopathy in the parasplenic and lumboaortic regions
1256779,recurrence of eteroplasia of squamous carcinoma at the right laterocervical level with progressively worsening obstruction of the upper airways
982851,hypertrophic LV; global EF 40–45%
266584,congestive heart failure in hypokinetic-valvular heart disease and chronic anemia
1710638,thin layer of abdominal fluid in the right paracolic gutter
66258,Type 1 respiratory failure in sepsis originating from the respiratory tract (suspected community-acquired RUL pneumonia) + AKI with likely pre-renal etiology (dehydration?) + elevation of myocardial necrosis markers in the setting of sepsis and AKI + mild elevation of cholestasis indices likely due to congestive hepatopathy in previously unrecognized chronic heart failure
872049,probable parapneumonic effusion
50285,evident SAH with ventricular flooding and aneurysm
1280541,"globally reduced motion (estimated EF 40%), mobile aortic valve, biatrial dilation. No pericardial effusion. RV dilated. IVC dilated, non-collapsible"
1831944,evolving pancreatic lesion
167198,clinical picture compatible with heart failure
1609089,picture of lower respiratory tract infection in sarcoidosis
765394,CT head: some focal hyperdensities in the right hemispheric cortical region of uncertain interpretation
1749716,"schizophrenia, paraplegia, possible intellectual disability"
356758,"LV with hypertrophic septum, EF 40%"
114990,cholelithiasis and mild bile duct dilation (suspicious for neoplasm)
1303980,mild AKI on CKD
766027,hypoechoic lesion (cyst?) with a maximal diameter of about 23 mm
1627640,
1455149,possible iatrogenic bradycardia
136095,left renal colic
1021609,
873316,persistent AFib
1477902,severe sepsis with 3 organ failure: lung - kidney and heart due to multifocal pneumonia
1586191,
643999,sepsis likely originating from sacral pressure ulcer
1287759,inflammation of the ascending colon
822499,Type 1 respiratory failure in acute bronchitis in COPD
457945,
64025,Type 1 respiratory failure in hydro(hemo)pneumothorax in multiple rib fractures in right hemicostal trauma + AF of undetermined duration
62962,fracture with diastasis of the left ulnar olecranon
39197,COVID-19 PCR positive
106871,"Type 2 respiratory failure acute on chronic in stage IV COPD and poorly differentiated carcinoma localized to the lung with marked PD, status post right pleural talc pleurodesis"
33114,Type 1 respiratory failure
1159742,
791916,"large expansile mass with a liquefactive necrotic appearance, inseparable from a contiguous lymphadenopathy, referable to an evolving bronchogenic lesion, inseparable from the interlobar pleura, measuring approximately 6 cm in the axial plane by 7.5 cm in the sagittal plane"
1385847,respiratory alkalosis
1490953,"type 1 respiratory failure with left femoropopliteal DVT, in a patient with bladder carcinoma in progression and gross hematuria. Respiratory failure most likely attributable to massive pulmonary embolism."
1031989,Prerenal insufficiency and electrolyte disturbances with emesis and dysentery in recent NSTEMI
71324,Persistent cough
469578,Fever of undetermined origin (radiographically occult pneumonia of the LLL?)
835013,Respiratory failure in febrile bronchitis
1316822,
1800520,
120895,Multiple right rib fractures without development of respiratory failure and without anemia
942069,
494774,Possible sedative medication overdose
1080398,"Respiratory failure, i.e., bilateral pleural effusion in breast cancer and pulmonary metastases"
102395,
1019885,Type 1 respiratory failure in heart failure in hypertensive-valvular-arrhythmic heart disease with hypokinetic evolution
551966,Chronic type 2 respiratory failure in COPD exacerbation on LTOT + heart failure in chronic cor pulmonale
286101,possible OSA
1138774,
637720,
568309,Massive right pleural effusion
10485,"Dizziness and headache due to progression with cerebral, hepatic, pulmonary, mediastinal, and adrenal metastases; pleural and pericardial effusions from colon adenocarcinoma previously treated with chemotherapy"
1339952,
802794,suspected pulmonary neoplasm (first detection)
496727,Atrial fibrillation/flutter with rapid ventricular response in multifocal pneumonia with mild type 1 respiratory failure
1080277,OTHER BENIGN TUMORS OF CONNECTIVE TISSUE AND OTHER SOFT TISSUES OF THE CHEST (TUM BEN TESS MOLLE TORAC)
748931,penetrating stab wound to the left hemithorax with left pneumothorax and suspected colonic injury
537914,
1590544,Mild respiratory insufficiency with bilateral pleural effusion due to congestive heart failure
1683901,Breast carcinoma with new finding of pulmonary metastases
1788837,Type 2 respiratory failure in exacerbation of stage IV COPD and lung adenocarcinoma with likely pleuro-pericardial progression
635608,
1168305,possible urinary tract infection with malodorous urine
1488362,
577863,Seizures in the setting of ischemic stroke sequelae
729887,Finding of extrasystoles
1752941,"RUL pneumonia + epigastric pain in gastritis from NSAID overuse + AKI of mixed origin (prerenal + renal, latest creatinine 1.76) + incidental finding of 17x12 mm renal lithiasis of the right renal pelvis"
24229,Type 1 respiratory failure in probable COPD exacerbation in a patient with laryngeal cancer s/p laryngectomy
890359,Chest wall/rib pain in a patient with lung neoplasm with radiologic progression
740918,Cerebral metastatic lesions with perilesional edema
74911,Right lung base consolidation
489794,"Type 2 respiratory failure in heart failure, obesity-hypoventilation syndrome, COPD"
66311,Mild respiratory failure in valvular/ischemic heart disease with hypokinetic progression and COPD
633702,
510677,Fever of likely pulmonary origin (sonographic consolidation)
1628051,Left deep sural DVT
948646,
375526,Type I respiratory failure
55973,SARS-CoV-2 interstitial pneumonia
567037,
888183,
1701520,Incidental finding of abdominal aortic aneurysm
916166,Suspected left-sided pneumonia
829965,
93364,COVID+ pneumonia
19666,ACUTE AND SUBACUTE RESPIRATORY CONDITIONS DUE TO FUMES AND VAPORS (CO MOR RES AC FU/VAP NOS)
71344,Possible SARS-CoV-2 infection; awaiting molecular swab
159816,Left basal pneumonia without respiratory failure
883735,Type 2 respiratory failure in COVID+ pneumonia/HAP and altered mental status in dehydration and hypercapnia
492591,severe respiratory failure and metabolic acidosis in the setting of likely sepsis and newly diagnosed acute lymphoblastic leukemia
1466061,Rib fracture without respiratory failure
864206,
1262923,"mild bilateral pleural effusion, greater on the left. Bilateral B-lines more prominent in the lower fields"
1182070,
347164,likely ventricular hypertrophy
1702858,
111784,Paroxysmal AF on DOAC
566288,mild intoxication
986610,
1229534,right hip pain with functional impairment
1485031,acute decompensated heart failure
83964,bronchospasm
588459,"lacerated-contused wound of the head sutured with 2 metal staples, lacerated-contused wound of the left hand sutured with 5 interrupted 3-0 sutures"
215142,
1499304,
221547,diffuse rigidity
663661,mild underlying swelling
478579,multiple bruises and superficial wounds of the upper and lower extremities
1289785,
731921,sequelae of left facial neurological deficit
123841,"stage 3 left popliteal ulcer, stage 3 left trochanteric"
333046,
177640,
691918,acute respiratory distress syndrome (ARDS)
1421192,dilated biliary ducts
1827252,ubiquitous B-lines
1790861,minimal subpleural consolidation in the right basal paravertebral region
156471,
278859,"pretibial ecchymosis and tender swelling (left knee hematoma, Lachman and anterior drawer negative, varus-valgus stress negative, meniscal signs poorly assessable)"
183131,suspected left clavicle and left hemithorax injury
954156,radiocarpal osteoarthritis
1585855,suspected open fracture of the left tibia and right knee
754445,episode of hematemesis
732119,
791345,"left ventricle diffusely dilated, hypokinetic; EF 30%; right ventricle dilated; severe MR; right and left atrial dilation"
1348680,
1250749,sepsis
102052,
1145117,questionable non-compressibility at the left popliteal level (site of LUOGO DVT)
738531,bilateral expiratory wheezes
883557,
1419314,severe right pleural effusion with ipsilateral pulmonary atelectasis
594226,"ulcer of the lower limbs with, on the left, a deeper ulcer on a linfamoatsa base"
665915,
977995,acute abdomen
1025212,Cervical paraspinalgia
1633976,acute bronchitis
781837,
222320,
1737959,
534003,
1271307,
1693579,suspected Herpes zoster with superinfection
67566,Cervical paraspinal pain
666408,
630331,bilateral mid-basal interstitial syndrome and anteriorly in the left upper field
1534968,R basal pleural effusion with consolidation of the adjacent parenchyma
1067254,cerebellar syndrome
802948,
1534187,Hyperkalemia
17610,
814279,
1794197,suspicion of trochanteritis
9154,Bilateral inhomogeneous interstitial syndrome with small subpleural consolidations
41862,torsades de pointes
778092,
1447660,Right hemiplegia
1395652,"stab wound at the right suprailiac site, superficial, involving skin and subcutaneous tissue"
1675863,
213824,"mild reduction in LV wall motion (visually estimated EF 40%), apical akinesia"
1147654,massive apicobasal pleural effusion with atelectatic lung in the mid-apical fields
534688,
701574,
1476030,Binocular diplopia
308,"diffuse heterogeneous interstitial syndrome, B1 pattern predominantly in the mid-basal and inferior fields, milder in the anterior fields"
146083,Pain and edema of the lateral midfoot with functional limitation
1060436,
1625234,new epileptic seizure with tonic-clonic jerks of the right hemibody
1815959,hemotoma of the neck and the anterosuperior chest wall
1195884,"bilateral pleural effusion 1 ICS, bilateral mid-basal B-lines and also in the anterior fields, likely due to diffuse overload"
327670,
439054,opiate overdose
359768,
1271700,"noncompressibility of the superficial femoral vein, partial noncompressibility of the left popliteal vein"
830255,"presence of abrasion and cutaneous hematoma in the occipital region, abrasion left elbow, left knee"
645132,right pleural effusion with homogeneous anechoic appearance
252296,hypothermia
744310,Mild left hemithorax pain
217339,
566305,extensive oral candidiasis
541540,
1296060,arrhythmia noted
863170,severe left ventricular hypertrophy with low ejection fraction
542414,dependent ascites
838701,diffuse bilateral interstitial syndrome B2 with multiple pleural irregularities
48338,Right supraorbital lacerated-contused wound of 3 cm; left lower limb internally rotated with left hip pain. Presence of ecchymosis at the right axilla and left hip. Seatbelt sign. Difficulty establishing IV access due to poor venous access.
127415,
461358,
1768476,"interstitial syndrome in the right basal region with mild, uncomplicated basal pleural effusion"
245188,sepsis
953655,
1037983,mild interstitial syndrome at the bibasilar level
710400,global systolic function at the lower limits (visually estimated EF 45–50%)
455579,"wide-complex tachycardia, arrhythmic, LBBB already present in March 2021"
1563558,
1745386,
1280608,orthostatic hypotension
187862,arrhythmic heart sounds
1080016,
955108,
647817,
1077938,arrhythmic with systolic murmur 3/6 at the mitral area
143714,"Pain and functional impairment of the right arm, has brace/bandage NOME_PERSONA, superficial ecchymosis of the arm"
966251,
274251,
1537217,acute ischemic stroke
320704,bibasilar interstitial disease
102316,large midline incisional hernia supra- and infra-umbilical
815309,
788185,Vascular ulcer of the left lower limb
848550,left eyelid ptosis known for at least 10 years
88471,hypertrophic LV
827526,
731594,
1495446,
505899,
501871,abdominal pain
47970,
1463943,mildly painful and diffusely tender abdomen
988857,Left periorbital ecchymosis
656727,
1642823,
1536561,
968148,
320916,
128937,open fracture of the left ulna with protrusion of a bone stump
1255875,absence of parasternal sliding on the left
1031409,right hemithorax tenderness
1601472,septum dyssynergic
1409250,
1039595,tongue edema ++
138461,LV diffusely hypokinetic with possible akinesia of part of the apex
285256,
1795154,"diffusely painful and tender abdomen, particularly in LLQ"
622403,
1742928,small subpleural consolidation at the left base with focal interstitial syndrome
1319925,severely reduced EF with dilated LV
671613,
1684060,"mild bilateral pleural effusion with overlying interstitial syndrome; on the right, basal consolidation without air bronchogram"
650969,
1735667,
1102855,soreness and tenderness of the spinous processes of the lumbosacral spine
932221,right heart failure with possible pulmonary embolism
70708,Painful swelling at the nasal root and mild right infraorbital ecchymosis; frontal lacerocontused wound about 3 cm; diffuse urticaria on trunk and four limbs; dorsal spinal pain.
796816,acute kidney injury with rhabdomyolysis
816696,
854989,"Left supraciliary laceration-contused wound. Swelling with ecchymosis of the left zygoma. Swelling of the left wrist and abrasions with small superficial wounds on the extensor surface of the PIP joints I–III of the left hand, associated with mild local swelling. Moves the fingers bilaterally, with some difficulty flexing the fingers of the left hand. Superficial abrasions to the knees bilaterally, no ecchymotic lesions or abrasions on the trunk or abdomen, where the patient also denies pain."
1203304,
1550611,skull vault fracture
1155202,left anterior superior iliac spine pain with left thigh hematoma
446196,left shoulder tenderness
113834,
968842,sepsis secondary to UTI
1705527,left ventricular hypertrophy
771406,
1783498,
692372,
113389,
95912,
490854,
1221278,Bibasilar interstitial syndrome with minimal pleural effusion and possible underlying consolidation
379234,recurrent epileptic seizures
275093,Pain and functional impairment of the right lower limb
1631148,
196280,Extreme ideo-motor slowing without lateralizing signs
602142,type 1 respiratory failure
539914,
1208459,LV hypertrophic with paradoxical septal motion
27118,
230513,
1037597,
1061324,
1251813,
1730125,acute cholecystitis
1003136,
754178,sepsis
723761,metabolic acidosis with elevated lactate
1306651,"small parenchymal consolidation at the left base, irregular pleura with hypoventilation of the pulmonary parenchyma at the right base"
1680045,vertebral body collapse with anterior wedge deformity of T9 and secondary hyperkyphosis
1212055,"LV hypertrophy with borderline wall motion, mild-moderate MR"
864091,symptomatic for salivary-biliary emesis with scant blood traces
120036,
78399,interstitial syndrome type B1 with tendency to confluence in the posterior fields
519102,Diffuse abdominal tenderness on deep palpation
1685137,
149244,
216012,
1623127,"Paraumbilical hernia with wide neck, reducible"
536024,pain on spinous process palpation at the lumbosacral-coccygeal level
1314635,left CN VII deficit
566994,slow AF + PVCs
1393648,displaced fracture of the right tibial diaphysis
87934,
960167,dorsal spinal pain
1785726,"expressive aphasia, no other neurological deficits at present"
13397,
780782,
1746072,
678315,"severe biatrial dilation, MR at least moderate, TR at least moderate"
1125180,
202186,
510914,Subacromial impingement signs +
938909,"dependent edema + from the middle third of the legs, greater on the left; at the distal third of the left leg initial de-epithelialization, no clear signs of cutaneous inflammation"
380163,
1579107,
1116592,
85890,
520841,minimal pericardial effusion
1479773,
548946,
27518,
1153373,
1668236,"L periorbital ecchymosis, pupils iso-iso, blood in L naris, multiple facial abrasions"
1690988,
643605,
1342911,"left periorbital ecchymosis, swelling in the right occipital region with a diameter of about 2 cm, left conjunctival hemorrhage, questionable decreased vision in the left eye"
680890,
1565417,hypertrophic LV
1130524,pulmonary consolidation with air bronchogram at the left base with contiguous parapneumonic effusion
629886,
83374,Right parieto-occipital laceration-contusion
636993,"lacerated-contused wound at the R lateral malleolus with sharp, tense margins"
1770315,signs of venous insufficiency of the lower limbs
1544171,
932754,Minimal superficial occipital abrasion
685720,
149413,minimal inguinal hernia
1244046,Supraventricular tachycardia (PSVT? AFL?) with RBBB conduction
439388,
847110,"abrasions at the nose, upper lip, hands, and knees bilaterally, pelvis stable"
1179869,Finding of deformity at the lateral third of the L clavicle. Deficit of mobility of L shoulder.
747330,
675590,suspected hypopharyngeal foreign body: fragment of adhesive tape
289493,L parietotemporal laceration-contusion
1765078,left basal pleural effusion with possible underlying consolidation
386899,Suspected carcinoma of the biliary tract/pancreas
654204,"circular lesion with jagged borders, scant serous and blood material discharge at the paramedian dorsal level approximately at D6–D8"
645703,
1211164,
6754,Left flank pain with tenderness to deep palpation
40764,mild tenderness at the site of the metatarsal fractures with early local ecchymosis
1338133,minimal left basal interstitial syndrome
1522097,decompensated heart failure
223929,
1175948,acute respiratory distress syndrome (ARDS)
10284,
403936,
959232,
1321306,
1458962,Gait instability
1314894,"bilateral moderate pleural effusion, greater on the right; B-lines at mid fields; dilated atria; left ventricular hypertrophy; dilated vena cava; mild distension of bowel loops masking visualization of the aorta"
897044,
514901,
641169,
1040939,Bronchitis in active smoker
1728509,Right mid-basal pleural effusion with pleural irregularity and B-lines
1506522,known gallbladder stones
1233779,likely bronchitis in previously unrecognized emphysematous patient
458862,"distended gallbladder with walls slightly thickened, anechoic formation and acoustic shadow, abundant biliary sludge"
1316771,Pneumonia in emphysema
1289877,
1632016,stabbing left hemithoracic pain exacerbated by palpation
1642909,
1062816,
257534,left femur fracture?
692902,"Jaundice of undetermined etiology, suspected neoplastic nature"
437100,
880235,left facial nerve deficit with clinical picture compatible with peripheral deficit
1669564,diffuse repolarization abnormalities
1477479,diffuse harsh breath sounds
213944,
753714,
724579,tachyarrhythmia with reduced cardiac contractility
1161582,
928490,right hemithorax pain (at site of neoplasm)
1027210,
115256,"abdomen distended, soft, non-tender, not painful, palpable mass at the site of the midline surgical scar, LUOGO and LUOGO"
1495402,
1557591,hypokalemia
79986,
1368420,bibasilar interstitial syndrome greater on the right with mild right pleural effusion and bibasilar atelectasis
52370,convergent strabismus of the left eye and abduction movement not preserved
364456,"stuporous, arousable to painful stimulus, vocalizes, does not respond to simple questions nor follow simple commands, pupils miotic, equal, normally reactive, moves all 4 limbs, no gross neurological deficits"
554925,"evidence of significant herpes zoster, left hemithorax"
925953,"Functional impairment of the left shoulder, radial pulse present - pain at the left pelvis with pain on mobilization of the left lower limb"
766770,"SR; RBBB, repolarization abnormalities in V1 - V4"
1463108,"Ulcerated breast mass secreting pus on the right, possible other breast lesion on the left"
963320,moderate left knee swelling
280142,
1086196,
1346885,orthostatic hypotension
435042,"Baker's cyst, SVT at the middle third of the leg"
1679729,"GCS 8 (E2V1M5), pupils isocoric, isocyclic, left hemibody hyposthenia, complete aphasia"
382826,
1687545,questionable atrial flutter
1688768,
735300,3-cm laceration-contusion in the coracoid region of the left shoulder + superficial abrasion in the deltoid region. TTP of the left clavicle
970070,
1542942,
994796,COVID+ pneumonia
1734050,
1737643,
385398,head trauma
1023302,
548187,right upper limb hemiplegia
781098,
85182,SARS-CoV-2 infection
1247075,
1182364,
991443,
285966,
192440,
693906,
123412,acute worsening of dyspnea
782709,evidence of LUOGO in V5–V6
997357,
690484,
166526,
1277506,
1232220,
112780,diffuse skin rash
1686345,
987417,
1292179,wide-complex tachycardia
739873,
1791927,
1458820,
279385,
1508941,local allergic reaction (lower lip)
1739537,
1675864,"penetrating wounds of neck, chest, abdomen"
478816,
1296204,
996170,
1469421,
935234,respiratory failure in bronchitis
1250932,
1739286,dyspnea with known pleural effusion
289726,Known Parkinsonian patient with neurogenic bladder
1180296,hypotension with melena
988458,
894612,
1257713,chest pain radiating retrosternally
1424995,left hemifacial swelling involving the tongue and extending to the left lateral cervical area
1227043,
1305408,
971131,
1102216,
664720,
1087859,Tibial fracture with hematic effusion
755804,
1212538,left flank pain
1314492,
703047,respiratory failure
430269,suspected BZD accumulation intoxication
774929,dehydration and cachexia
648431,
1036852,
68932,left colostomy
1369581,incised wound of right forearm
1322218,"laceration-contusion wound, right temporal"
1141602,bile duct ectasia with a 13 mm stone
591518,
450198,
1626345,
758448,
1118499,
139221,pleural effusion and foci
1788227,
128399,suspected left lower limb DVT
1573478,pneumonia + AF ad alta penetranza
1515314,diffuse pain and asthenia with right hip coxarthrosis
543107,COVID-19 pneumonia
962214,lower-limb edema and hematomas
1011107,
324319,
651056,
208322,non-concussive head trauma
377994,
1216099,
949395,
276693,
1154407,
209412,stroke
609178,
504529,pulmonary contusion with first rib fracture
1209410,
985934,
1215222,persistent limb rigidity with rightward gaze deviation
1732439,vertigo of NDD
131144,assault
1320026,
1816132,
944337,
1019877,type 1 respiratory failure in heart failure decompensation in hypertensive-valvular-arrhythmic cardiopathy with hypokinetic evolution
1562245,tachycardia
1268100,
1041540,
60937,Flash pulmonary edema
1604528,"exophytic lesion of right kidney, inseparable from tissue of the posterior prerenal space, which infiltrates the musculature of the posterior abdominal wall"
1491138,
1497847,Inappropriate quetiapine ingestion with anticonservative intent
442810,
205253,benzodiazepine overdose
1735476,
1273692,TCC
444613,
171117,non-concussive head trauma
1312386,Agitation and persecutory ideation
1075660,
1391723,lacerated-contused wound of the right ankle
728136,HYPERKALEMIA IN IATROGENIC AKI
1005393,syncope with new-onset LBBB
319094,worsening dyspnea in COPD
1651621,
603677,inappropriate medication ingestion
1334917,
278272,"non-concussive head trauma, sternal trauma"
1192416,
1224414,"dyspneic on RA, SpO2 93%, RR 20, use of accessory muscles, symmetric chest expansion"
411881,
678236,osteomyelitis
1807638,
1600121,
215153,
1460606,rectus muscle hematoma
1601870,
1135084,severe respiratory failure on MV at 60% with poor compliance
1662236,SR + PVCs
909667,
1307683,Peripheral cyanosis
818834,
1441790,
971424,multiple episodes likely conversion
1008598,erysipelas of the L lower limb
1365361,
1499293,
407131,
1410670,
771813,progressively worsening dyspnea
81454,
578837,
849626,AUR and hematuria
761005,"right lower limb shortened and externally rotated, presents functional impairment"
933242,bronchitis and dehydration
1259333,
776085,
1139460,
1413920,
1174965,SAH
23414,COVID+
190585,
1270502,suspected LOC
1085973,suspected carbon monoxide poisoning
396512,
1420990,
754611,sepsis secondary to urinary tract infection
1573122,
1192507,
1648061,cholecystitis
933576,respiratory failure in pulmonary fibrosis
1234754,
1453995,
1092375,
896043,worsening cough and dyspnea in pulmonary silicosis
312898,
1372041,
1478309,
455522,
1633741,
1321773,
1114218,
708936,cholangitis
980691,atypical chest pain
1271499,superficial lacerations on the neck and left wrist
129570,head trauma
1187490,
881040,anemia in recent fracture of the ilio-ischio-pubic ramus
1664557,
955503,
613298,lung CA
1587683,
484585,
1592931,intermittent tachycardia
1616615,lung cancer
1537389,
453097,metabolic acidosis
839028,hepatic/epigastric colic with elevated liver enzymes
1024061,ALLERGY AMOXICILLIN
653196,NSTEMI
1639328,
482922,
919595,dehydration
466542,dyspneic; SpO2 70% on RA; chest with normal expansion bilaterally
247846,
642500,
729707,
926474,Likely perianal abscess
481328,
171811,
367158,probable epileptic seizure
1090413,
796290,
1753032,
1683108,left hip trauma
842129,acute pulmonary edema
1360073,hemothorax
1449503,presence of large fecaloma
297745,bilateral pleural effusion
1314281,suspected seizure
1368835,
674588,left femur fracture
1302409,
1612912,acute coronary syndrome
1318152,
877483,
1100836,bradycardia with HR 40 and desaturation with SpO2 94% on room air
765032,near-syncope episode
793749,
293669,
686992,
515943,
1727124,
449071,ASA+ rhabdomyolysis
1436324,
1236584,prerenal AKI with hyperkalemia and hyponatremia
1410294,
1068543,suspected gastroenteritis and hypokalemia
807740,
1409479,MI
1096788,
1013029,recurrence of left renal colic
1149784,
951872,cholangitis
240672,presyncopal episode with head trauma
1567732,
1483603,
470100,
1709278,
1614015,
1204017,
534155,
1115854,dyspnea and AF of unknown duration
1008287,
840324,
1477849,paroxysmal AF
1205057,
1811167,
1214970,
941838,
998245,
1782881,
932723,SCC + suspected pneumonia
1527345,
150867,extreme bradycardia with hypotension
1050096,
1277904,AF ad elevata penetranza
1116160,
1088151,
1330597,Disorientation to time/place
567011,
986939,
357125,Fever
1802705,right lower limb weakness
393302,
732138,
707066,
1608501,
1445041,
497939,concussive head trauma
1028566,
145718,
1653133,
91565,
775579,
305540,
1704387,
1400802,Left flank pain
1161883,heart failure decompensation
645935,
883728,
888787,epigastric pain described as fixed heaviness since 03:00 tonight associated with dyspnea
1826826,
386943,
896635,presyncope in dehydration
743764,PE
511084,psychomotor agitation and substance abuse (cocaine and heroin)
773028,
418980,tremor and clonus of the head
1655076,
712232,STEMI
105952,
845101,
1729439,
1064931,
880324,
1261478,
991733,anemization and thrombocytopenia of NDD
302185,
791164,lumbar pain radiating to the abdomen
822823,leukopenia and thrombocytopenia
756109,likely inappropriate intake of medications
1182602,
787997,deviation of the oral commissure to the R
186123,paraplegia of lower limbs; spastic paresis of left upper limb
1796720,suspected trauma to the right upper limb
922484,
1549898,
1060256,sepsis
1375536,
1189974,
909825,intestinal obstruction
880921,
1621630,
931494,
1362174,
479771,gastric distension and occlusive picture
1565457,
385089,road traffic accident
1044196,
290428,COPD exacerbation
797770,
617466,
1246099,
1354601,
1713610,
1309127,abdominal pain
1726621,
1257621,rupture of LLE varix with bleeding
1292160,R femur fx
1415017,known cholelithiasis
75282,
1177066,
1315681,
465819,
1023594,
625211,
509889,peritoneal carcinomatosis
1585642,"right basal pneumonia, likely aspiration"
352343,allergic reaction to contrast agent
1599659,
1210383,
1108342,occipital abrasion
545838,suspected left renal colic
1292115,
1703680,
823493,
1832763,probable inhalation of food bolus
385271,
1065970,
1711676,
1680430,
1047656,psychomotor agitation with suspected substance abuse
327210,buprenorphine abuse and ingestion of eosin PO
917122,
259451,decompensated heart failure
67260,facial trauma due to fall down stairs
1719302,
73194,SVT with aberrancy
1020368,
411234,
1818523,
707389,Diabetic
1684998,
328111,overdistended gallbladder with 6 cm stone
1103429,left femur fracture
1155128,
502638,
869092,
1055478,suspected femoral fracture
99366,sacral subcutaneous collection as sequelae of vertebroplasty
828192,
1440425,suspected pomegranate allergy
1032921,lumbosacral pain
630083,
1414559,Left frontoparietal laceration
1049568,cholecystitis
1196844,
804533,
639402,
1336251,
1138355,
1014543,
64375,
1271752,
401741,lung cancer with mets and newly detected peritoneal carcinomatosis
435944,hematoma of the right lower limb
1656241,hypertensive emergency
770352,
441464,
1105499,recent pacemaker placement
1588132,prostate cancer
1186505,
1181019,
1069686,
691412,
896320,
674206,lung CA
810855,
495080,SUBOCCLUSIONE K COLON
741446,sepsis
1799614,
1257890,
1810644,
847837,
903822,
550331,
1518221,allergic reaction to Oki
72229,
1300352,
923170,delirium
706084,acute-onset dyspnea
811347,
824425,
819328,AF OF UNDETERMINED DURATION NEWLY DETECTED
1737313,cutaneous rash localized to the face and trunk
1775581,
181685,
169204,concussive head trauma
125699,
401866,lobar pneumonia
993619,
307647,
1330308,BradiFa
822482,
1243626,pneumomediastinum in LUOGOte with esophageal cancer
1474194,
1609680,acute COPD exacerbation
1697782,
700155,COPD exacerbation
85598,
791221,
1642063,
1270921,
1295519,
162446,
234458,
1471471,
546166,
1375996,episode of loss of consciousness
1346528,
664857,PE
1188989,AF noted
1231137,bony lamella adjacent to the right nasal spine from possible bone detachment
631687,
1395541,
467202,
1549824,
1019375,syncope
1476136,
1710601,pneumonia
1765005,
513415,
587521,IRA
259164,
1041820,
320269,
1205965,
329058,acute coronary syndrome
1014479,orthostatic presyncope in an oncologic patient
1244872,
583656,
1720755,
885685,
1504098,head trauma
97511,ulcers of the lower limbs
755125,
641780,known anemia
1081161,recurrence of fibrillo-flutter in known AF
446517,
1743386,Acute respiratory distress syndrome (ARDS)
1207531,
453979,pneumonia
904297,
1032441,left hemiplegia
1359112,
1277945,
245137,
851818,
1572669,
1476507,
664730,acute respiratory distress syndrome (ARDS)
423460,gross hematuria from urinary catheter
1354975,psychomotor agitation
1223195,dysarthria
1302167,Head trauma
880377,
1235064,suicide attempt with ingestion of 7 mg alprazolam
1463791,
1268122,
1815641,
1739292,
110593,
1680973,concussive head trauma
1333166,
803262,
928177,severe hyponatremia
761372,
1713994,severe right hip pain with functional impairment
1544835,
1238159,
307879,right upper limb tremor
1697273,significant cognitive deterioration
1519435,
1326332,
851094,
963980,pulmonary edema
219345,
1701193,
1570162,acute asthma exacerbation
1762414,tachyarrhythmia
917565,
68534,
1139944,previously unknown AF with ST abnormalities
702419,left pre-trochanteric fracture
1541381,anaphylaxis
197543,
855849,"heart failure and recurrent falls, with radial fracture sine indicazioni, and head trauma on NOAC"
735235,
1108998,severe hypoglycemia in a known diabetic
1091074,
986805,
254500,
562325,"persistent fever for 15 days associated with bowel habit disturbances, malnutrition, and cachexia with weight loss"
406129,
1438597,Supraventricular tachycardia
936859,
721698,
905740,
744573,
1210543,bladder cancer
1333005,
269899,hemoptysis
611943,concussive head trauma
315463,significant rectal bleeding
710730,
832024,
388757,
1617355,non-concussive head trauma
516538,
1229188,
920569,
156671,"lung cancer with multiple metastases (bone, adrenal)"
1435019,acute ischemic stroke
1119725,suspected vestibular neuritis
1467029,
1190225,
1166981,
1747698,
1320072,
1784983,
495771,"Lacerocontused wound of the neck, bleeding"
975845,nasal bone fracture
803397,
65026,
1639445,right periorbital lacerocontused wound
1253376,AF
1044947,concussive head trauma
434184,
1311802,laceration-contusion present at the right eyebrow
336784,
915468,syncopal episode with concussive head trauma
859083,suspected femur fracture
679281,
1686341,
625262,
153122,
1602330,COVID-19
244369,seizure activity in the setting of a recent ischemic stroke
123873,
1266280,
295363,pneumococcal pneumonia in COPD
248745,Type II respiratory failure in pulmonary fibroma
873242,COPD exacerbation
1230393,
127331,pain exacerbation in right lumbosciatalgia
322353,
1331911,
306043,
816007,
1568648,indication for pacemaker implantation
407789,probable syncope
1001040,"2:1 AV block, likely iatrogenic"
809456,
825284,
385426,diarrhea and dehydration
759886,dyspnea and dependent edema
1220969,
1178742,
984047,
1658137,Acute hypoxic respiratory failure
1738049,intestinal obstruction
943042,
1362088,
345106,
650758,
1346008,likely orthostatic hypotension
300059,
1444417,"left knee swollen, tender and reddened"
1438844,
1031730,COVID-19
927078,hypertensive acute pulmonary edema
1807280,
805522,
768902,hyperthermia
692459,
1050823,
1801873,
722133,
1113142,
1055762,
1211358,COVID-19
1786874,COVID pneumonia
384373,
1335936,Probable NOCC
1385834,hypoglycemia
1211863,
267130,small subdural lamina
1436406,hypertensive emergency
286573,significant bleeding frontal lacerocontused wound
1189567,
207554,tachycardia
1385023,
14105,Ingestion of 2 blister packs of Xanax
951673,
1145100,
1314956,
1799916,presyncope
1110456,gastroenteritis
1062947,Ongoing bladder irrigation with urine still hematuric; no fragments or clots detected
949001,right hip pain with tenderness of right femur in the presence of prior prosthesis
165533,pyuria
1240552,unsteady gait and vertigo
1518262,stage 2 sacral pressure lesions
1167647,
1027747,
1181842,uncontrolled pain in pancreatic cancer
1675848,
1268986,
1450444,
1802746,acute pulmonary edema
1546722,partial laryngectomy
1053044,
315289,COVID+ pneumonia
263927,
1399437,new-onset epileptic seizures
943478,
1026323,
791507,left femur fracture
1578781,respiratory failure
261244,hypertensive emergency
1191794,first episode of generalized epileptic seizure
1697887,erysipelas
1299256,
399412,non-concussive head trauma
1832849,left hemiplegia and dysarthria
960530,
420204,
1356311,massive hematemesis
111340,
1034808,right parietal hematoma
167242,severe exertional intolerance
285495,
1084815,type 1 respiratory failure and scc with bilateral pleural effusion
1254723,
158844,
1115736,AKI
782682,
545185,
356610,AF on OAC
641000,nondisplaced fracture of the nasal bones
1085224,new finding of cerebral and pulmonary mets
304804,delirium
526820,necrosis of right foot toes and metatarsal
868284,pleural effusion
1354248,Non-concussive head trauma
1790727,anemia in utero
930005,suspected right renal colic
1332349,
788903,suspected syncope
236461,
1003758,
1758821,"Stage 2 pressure injury approx. 2 cm, left buttock"
740111,
565816,
188341,lacerated-contused wound in the left lumbar area
584163,
266676,
922380,T12 vertebral body collapse
792343,
1539443,
402467,abdominal pain with known diverticulosis
536955,
1455597,
474721,
313853,heart failure decompensation
513128,
855592,
1089334,right-sided pneumonia
1110479,suspected urinary tract infection
450724,"Obvious deformity of the right tibia with exposure of the bone stump, displaced"
386613,
1455760,
1709259,epileptic seizure
116578,
493830,
1161173,
989131,AF
52768,dyspnea of unknown etiology
1511751,
379668,right subdural hematoma
927493,
114719,
1421883,
524164,
1515566,
582592,left upper limb edema
1547154,
490036,COPD exacerbation
1255392,
1265003,
727216,multiinfartuale
1809164,flc of the lower lip
615387,
226154,known hydronephrosis
978696,
478013,
1664571,
1827802,
524332,possible aspiration pneumonia
1503779,
1797571,
1647932,Fracture of right orbit + C7 calcifications + subgaleal hematoma
465826,AUR in UTI
460270,lung CA
207395,
1082933,episode of VT during Holter
1129168,
1183937,cholelithiasis
1352547,
879746,syncopal episode
1434261,displaced fracture of the right humerus
580151,new-onset dyspnea
580989,
1154796,
1603036,
631531,concussive head trauma
872340,
1123255,COVID
1143467,
841540,pleural effusion R > L
413936,
981295,lobar pneumonia and suspected UTI
1139833,
1245674,
119369,
504594,
1077017,massive left pleural effusion
1144285,
1833956,incisional hernia
152875,
1803558,critical ischemia of the left lower limb
1436517,questionable right vocal cord paralysis
670966,left kidney hypofunctioning (poor parenchymal enhancement)
435870,"Subnodal conduction system disease, manifested as second-degree AV block, 2:1"
389977,ischemia of the right MCA territory due to right MCA M1 thrombosis on an atherothrombotic basis (stenosing plaque + floating thrombus at the right ICA) in a patient with multiple vascular risk factors
181521,sternal fracture in multiple fragments and rib fractures without complications
1588051,"Atypical chest pain during hypertensive crisis in a 66-year-old patient with hypertension, dyslipidemia"
33595,"Severe de novo left ventricular dysfunction, in atrial fibrillation with high ventricular penetrance"
811800,Takotsubo syndrome
691726,subacute ischemic stroke
588956,"exacerbation of pain in known trigeminal neuralgia, right first branch (V1)"
1316450,"respiratory failure (COPD exacerbation, possible left basal focus + associated congestion component) in hypokinetic cardiomyopathy + newly detected severe MR"
1113088,"migrating paresthesias in the 4 limbs, positional"
388686,Suspected arthritic issue
640860,major depressive disorder and cluster B personality disorder
914054,suspected acute ischemic stroke
1214746,presyncopal episode in probable UTI
1087940,Heart failure in a patient with known CAD and multiple comorbidities with evidence of worsening left ventricular function on echo
993626,Recurrence of AF with RVR in a symptomatic pt with tachycardia and dyspnea
793492,severely hypertrophic left ventricle
1748291,Exertional angina during a hypertensive surge in a 71-year-old patient with known coronary disease of the Cx
512047,mild heart failure
1240433,dysautonomic disturbances in a patient with parkinsonism or cardiologic; epileptic origin cannot be excluded
942515,"likely first late symptomatic generalized epileptic seizure in sequelae of cerebral hemorrhage in atypical location, with left temporo-parietal porencephalic sequela"
1009120,left pelvic abscess with sigmoid perforation and subocclusive intestinal obstruction
1024284,limited posterior circulation ischemic event
1215076,allergic reaction to the fruit or to Oki
704018,Episode of chest pain and heart failure
1026307,left hemispheric stroke sequela
934042,circumscribed area of mucosal contrast enhancement at the descending colon–sigmoid junction
380626,descending thoracic aortic aneurysm with a maximal diameter of ~60 mm bearing signs of fissuration/contained rupture with a layer of left-sided hemothorax
1086857,Brugada-like pattern on cardiology evaluation
641197,acute diverticulitis
1695782,elbow fracture-dislocation
268549,right capsular cerebral hemorrhage with intraventricular extension + pneumonia
1606047,hypertensive pulmonary edema
612221,Syncope and heart failure in known ischemic heart disease with hypokinetic evolution
1006515,suspected diverticular perforation with walled-off abscess and radiation proctitis
1716419,Suspected angina pectoris
266211,acute pulmonary edema in hypokinetic cardiomyopathy apparently newly detected
1049547,Likely high-risk NSTEMI due to mismatch
664746,Hypertensive acute pulmonary edema in known severe aortic regurgitation
1066804,
1241744,severe ruminations concerning his health status
1800510,syncope of hypotensive origin
253611,"neoplasm of the pancreatic body-tail infiltrating the Treitz, encasing the origin of the celiac trunk and the superior mesenteric artery, with thrombosis of the oliva portale"
576929,Hypertensive pulmonary edema in a patient with known CAD and current urinary tract infection
1052144,unstable angina in known CAD
401923,Acute pulmonary edema in known hypokinetic cardiomyopathy with normal coronaries
1329907,probable TIA in a dyslipidemic smoker
1042065,COPD exacerbation with respiratory failure
472390,left M1 MCA occlusion
1448956,acute subdural hematoma in the right hemisphere and a moderate amount of SAH predominantly collected in the temporoinsular region unilaterally
635412,"ischemic sequelae TP sn, basal ganglia, left cerebellar, ex vacuo tetraventricular hydrocephalus"
889356,hemorrhage in typical left location
321108,intraventricular hemorrhage with finding of small aneurysm of the anterior communicating artery apparently not related to the bleeding
1796807,suspected right hemispheric TIAs (due to carotid stenosis? hemodynamic? cardioembolic?)
852034,meningoencephalitis
1009218,Diastolic heart failure (increased filling pressures with severe LVH)
1123902,biventricular heart failure in the setting of severe arterial hypertension and diagnosis of hypokinetic cardiomyopathy with severe ventricular impairment newly diagnosed
660843,"biventricular hypokinetic CMP, EF 20%"
612220,Syncope and heart failure in known ischemic heart disease with hypokinetic evolution
870015,minor stroke?
688477,nocturnal recurrence of symptomatic epileptic seizure in pt with recent discontinuation of antiepileptic therapy with sequelae of cerebral ischemia on oral anticoagulation
1020504,Ischemic-hypertensive heart disease
1365940,headache on a likely mixed basis
810840,"Coronary angiography: borderline critical stenosis of the diagonal branch with indication for medical therapy and reevaluation with SPECT at 9 months, never performed by the patient"
918616,likely leg infection
186183,Suspected unstable angina in known CAD
578794,suspected exertional angina
435963,likely first sleep-related epileptic seizure
1164095,left temporal hemorrhage + post-traumatic subdural hematomas in a patient on DOAC
1208795,Substenosing pyloric lesion with bulbar compression
889319,"hypertensive acute pulmonary edema in hypokinetic cardiomyopathy, new diagnosis"
921673,suspected septic shock
812639,inferoposterolateral NSTEMI with late presentation in very elderly patient and with LUOGO frailty
1274140,fracture of proximal left humerus and pertrochanteric fracture of left femur
607862,SUSPECTED FOCAL LESION OF THE PANCREATIC HEAD WITH UPSTREAM DILATATION OF THE WIRSUNG DUCT
269576,Episode of clonic seizure of the right upper limb with absence and snoring respiration
1516348,LOC of unclear nature (due to hypotension? epileptic seizure?) in patient with right temporo-parietal ischemic sequelae who has stopped the antiepileptic
402145,chronic cerebral vasculopathy
463569,possible recurrence of low-threshold angina in known CAD ev severamente ipocinetica
313146,left hemispheric ischemic stroke
1076947,hyposthenia of the left limbs of undetermined etiology (at the moment no frank signs of ischemia on DWI) in a patient with multiple intracranial arterial vessel stenoses
1404348,probable laryngospasm with respiratory failure
1146991,Suspected unstable angina
719714,Recurrence of atrial fibrillation resolved with as-needed sotalol
695014,Permanent AF on OAC
1517053,acute pulmonary edema
475739,hemorrhagic shock
1685884,ischemic cardiomyopathy with hypokinetic evolution
211539,Episode of exertional dyspnea and presyncope dndd
1541705,likely cecal neoplasm without hepatic metastases
1229438,prolonged chest pain not responsive to nitrates but to anti-inflammatory in hypertensive-ischemic heart disease on medical therapy
796983,hypoxemic respiratory failure in the setting of ab ingestis
1524304,renal microlithiasis
1739590,suspected left lacunar ischemic stroke undergoing IV thrombolysis
1515696,left fronto-opercular ischemia
271188,acute gallstone pancreatitis
320100,High-risk exertional syncope
1500064,fusiform infrarenal AAA measuring 54 x 52 mm AP x LL without contrast extravasation
1645969,chest pain during a hypertensive peak
1263538,Respiratory failure of mixed etiology: acute pulmonary edema + extensive bronchopneumonic focus
1460014,Right hip trauma and non-concussive head injury
405164,"likely pneumonia associated with decompensation in worsening severe CKD; ACS/NSTEMI in the setting of hypoxia with elevated troponin values, decreasing (tail of an event of a few days ago?) albeit likely overestimated due to CKD"
906217,suspicion of meningitis - acute meningoencephalitis
70571,acute type B dissection in a patient with known AAA with maximum diameter about 5 cm
574659,respiratory failure in OSA and COPD with home O2 therapy and indication for NIV not carried out by the patient with poor adherence to therapy
1290052,Symptomatic AF with underlying valvulopathy
253231,Likely presyncope secondary to orthostatic hypotension
691324,Hypertensive acute pulmonary edema in known moderate aortic insufficiency and chronic ischemic heart disease
709344,right temporo-insular hypodensity
306413,suspected duodenal perforation
1746025,Myocardial injury from supply–demand mismatch during urinary tract sepsis with febrile spike
1506814,Suspected Takotsubo cardiomyopathy/myocarditis
1751279,Atypical chest pain by characteristics and duration with negative enzymes - mild ECG changes from possible overload in unrecognized untreated hypertension
481988,massive unilateral pleural effusion
1762181,STEMI with cardiac arrest
1759651,acute calculous cholecystitis
1615020,severe aortic insufficiency
1179319,Likely sleep-related epileptic seizure (second episode)
947594,ischemic stroke in the right MCA territory
33100,"Atypical chest pain, prolonged, without troponin dynamics, in known single-vessel CAD"
662303,"suspected single early symptomatic generalized seizure in a patient with severe hyperglycemia (about 1200 mgf/dl), elevated CK, septic state in likely left apical pneumonia, and known pancreatic neoplasm"
795583,hypertensive acute pulmonary edema in a diabetic patient
685206,symptomatology that does not exclude pericarditis in a multimorbid patient with immunorheumatologic disease
1455849,Acute pericarditis after recent CCH procedure
1088928,suspected encephalitis
1622925,Symptomatic rapid AF for chest pain with troponin rise secondary to elevated ventricular rate
1155950,end-stage amyloid cardiomyopathy
1077469,ischemic stroke in right MCA stenosis
1057513,"septic state with two neurological episodes during febrile spike, probable multiple vascular events of different dating in the posterior circulation (septic endocarditis with multiple cerebral emboli?) with critical left ICA stenosis"
95056,Chest pain with pericarditic features
256990,panic attack
1775340,"Paroxysmal atrial fibrillation and supraventricular extrasystoles in a patient with known conduction system disease, ischemic-valvular heart disease (PCI in 10/2022)"
750747,"possible epileptic seizure in patient with right hemispheric subdural hematoma (signs of acute-on-chronic bleeding), CKD, AF, cognitive decline"
564464,multiple secondary lesions of the subcutaneous tissues of the chest and abdomen and a bulky progressive 8 cm lesion of the left gluteal muscles
1367364,Hemodynamic TIA due to subocclusion of the right carotid with a markedly unstable floating thrombus
1281271,possible atypical form of migraine with aura with associated situational syncope
1720574,"chronic total occlusion of LCx, critical LCx in-stent restenosis in the proximal segment; critical LAD in-stent at the proximal and mid segment; critical calcific stenosis of the first obtuse marginal, not treated"
414001,left temporo-parietal ischemia
1130333,relapse of GTC seizure in known epilepsy (symptomatic due to the hematoma?)
597649,Mixed aphasia
1313776,"iatrogenic hyperK, known diastolic HF"
1329141,ACS - NSTEMI (- Takotsubo not excludable -) onset with hypertensive acute pulmonary edema in a patient of 82 years
415145,episodes of LOC of possible multifactorial origin (hemodynamic? dysautonomic? less likely ictal origin)
1430404,per-subtrochanteric fracture of the left femur
866057,suspected left hemispheric ischemia
1430568,left femoral pertrochanteric fracture
1381158,suspected neoplastic lesion involving the duodenal bulb
1560442,Indication for permanent pacemaker implantation
1245334,thrombosis of the L transverse and sigmoid venous sinuses + non-occluding thrombosis of the R ICA (hemodynamic stenosis)
324024,arrhythmic storm
999153,ST elevation myocardial infarction
583663,confusional state with psychomotor agitation and hyperpyrexia
207645,Atypical chest pain for angina in a 58-year-old patient with multiple cardiovascular risk factors
1139736,likely cardiogenic syncope
364882,ischemic stroke of likely cardioembolic origin
905754,"moderate MS with mean gradient 7 mmHg and moderate pericardial effusion stable compared to March 2022, without signs of hemodynamic impact"
594813,pancreatic neoplasm with newly detected hepatic and pulmonary metastases
1023636,intestinal obstruction
1749861,hypodense subcalvarial collection in the left frontal region associated with a moderate amount of pneumocephalus
777826,Seizure episodes in known epileptic with prolonged postictal phase (and sedation)
1698462,likely seizures during the LOC
1191473,acute kidney injury
1700035,dilated cardiomyopathy with LMNA gene mutation
1391046,ischemic stroke of the brainstem
388684,systemic inflammatory process with possible articular/muscular involvement
421043,ischemic stroke in the right PCA territory
1229923,Limb ischemia with secondary pain radiating to the retrosternal region
1190620,likely mixed headache with predominant migraine component with visual aura
398522,left temporal hemorrhage
1602394,significant chronic cerebrovascular disease
589305,Likely pericarditis
1545763,"severe emphysema with fibrotic striae, particularly in the right upper lobe"
661177,left MCA hyperdensity and right O stroke with initial hemorrhagic transformation
1059032,"Recurrence of convulsive seizures in a known epileptic, now possibly postictal and post-sedation"
1124894,moderate pericardial effusion without signs of tamponade
825246,esophageal varix
542658,"Sensing and capture deficit of the atrial lead, with increase in ventricular threshold and increase in the impedances of both atrial and ventricular leads in a patient with a pacemaker since February 2021, not pacemaker-dependent, with evidence on fluoroscopy of displacement of both leads"
1255040,strangulated umbilical incisional hernia in decompensated liver cirrhosis
1568665,"conduction system disease (first-degree AV block, second-degree AV block type I [Mobitz I], second-degree AV block type II [Mobitz II], 2:1 AV block)"
910979,ventricular extrasystoles with 16% burden
1278508,periprosthetic fracture of the right femur
259790,likely cystic formation at the right temporal site
1309256,Substance withdrawal syndrome with psychotic features
1551225,periprosthetic fracture of the left hip
932276,acute ischemic stroke
155538,"COMZ fracture, Le Fort III type; L pneumoorbit without herniation of intraorbital tissue"
213796,pneumoperitoneum from suspected hollow viscus perforation (likely esophagus/stomach/duodenum)
1791229,possible critical events in left frontal ischemic sequelae and respiratory failure with poor control
1240895,"focal motor seizure episodes of the left upper limb in a pt with sequelae after resection of right frontal metastasis, with evidence of increased edema corresponding to the surgical scar"
879153,ischemia of the territory of LUOGO left with distal left M1 occlusion
1562352,left brachio-crural sensory disturbance of transient vascular nature?
1519420,right shoulder fracture-dislocation
782160,"Patient with sequelae of bivalvular CCH and PM implantation with catheter infection and contralateral reimplantation, recent tricuspid/catheter endocarditis 1-2022 apparently healed"
1466718,possible supply–demand mismatch angina in an anemic patient
1239757,acute ischemic stroke with right carotid apex + M1 and A1 segment of the right MCA thrombosis
502245,hyperpyrexia >40°C
1802430,large abdominal aortic aneurysm
717186,right total pneumothorax with partial collapse
478150,right hemispheric ischemic stroke
506194,expressive aphasia and right upper limb weakness of undetermined nature in a patient with hematologic disease
788449,"moderate AR, mild–moderate MR"
1468459,left hydroureteronephrosis with stranding of perirenal adipose tissue
891437,Heart failure in subacute MI
276265,Bronchitic exacerbation with AFL/AF and heart failure decompensation
627688,postictal state in recent onset hydrocephalus
919478,"Heart failure during rapid AF on home therapy with bisoprolol 3.75 mg and RYTMONORM 150 mg x2, on which Dilzene IV was performed with consequent appearance of pauses (IATROGENIC)"
1276633,probable first seizure with possible focal onset and secondary generalization
848798,lesion of S3
1450041,possible vascular parkinsonism
1727397,Probable sleep-related epileptic seizure and subsequent recording of a left frontal electrographic seizure on EEG
66941,predominant picture of right > left heart failure
910076,immuno-allergic nephritis
4032,Severe left ventricular systolic impairment newly identified
614050,"massive left pleural effusion with complete atelectasis of the parenchyma, parietal pleura circumferentially thickened"
857234,"severe interstitial pneumonia due to SARS-CoV-2 complicated by CVC-related bacteremia by Enterococcus faecalis, dissection of the graft renal artery requiring stent placement"
1229003,recurrence of angina in LUOGO with partial revascularization
620244,Possible aortic valvulopathy
1515673,"type A aortic dissection from the coronary origin with involvement of the supra-aortic trunks, bilateral carotids with complete occlusion of the right carotid artery, dissection extending to the iliac arteries"
49199,"left renal subcapsular hematoma 35 mm in thickness, extending from the mid renal third to the lower pole"
433846,possible recurrence of epileptic seizure
888093,"right temporal bone fracture involving the mastoid and the roof of the mandibular glenoid fossa + hemotympanum + air bubbles from the right mastoid extending intracranially + right temporopolar subdural hemorrhage + right posterior temporal hemorrhagic lesions and bilateral basifrontal contusive foci, left temporal and left frontal + scant right temporal SAH"
824296,status epilepticus of ndd
1229639,recent SENC
750650,multiple circular lesions with rim contrast enhancement and moderate perilesional edema in the frontal - frontoparietal region and left cerebellar
1117955,blunt head trauma in a very elderly patient
419218,Heart failure in known valvular heart disease
973720,"micromolecular K multiple myeloma with CRAB treatment criteria (diffuse osteolytic lesions, anemia, AKI), concurrent prostate K on hormonal therapy"
428392,Decompensation in ischemic cardiomyopathy vs high-risk NSTEMI
205100,50% lesion on LAD distal to the origin of D1; 50% lesion of D1 in a small-caliber vessel
604445,Heart failure in known CAD with hypokinetic progression
1433390,Complex tibial pilon fracture
1753727,"multifocal fracture of the body of the right scapula + partial avulsion of the posterolateral acromial apex + fracture of the middle third of the right clavicle, non-displaced"
1784170,medial fracture of right femur
822386,"ischemias at the ponto-mesencephalic level, R occipital, R mesial temporal, and bilateral cerebellar regions"
1832658,endocarditis with mitral stenosis and regurgitation and leaflet vegetation
593266,moderate-severe MR due to possible secondary chord rupture
851834,recurrent episodes of typical angina
1192944,"ischemic heart disease with hypokinetic evolution, LVEF 35%, prior surgical coronary revascularization, conduction system disease with prior pacemaker implantation, atrial fibrillation on oral anticoagulation"
442657,"personality disorder of histrionic area with occasional mood oscillations rooted in the underlying personality disorder, associated with dysfunctional elements of a social and PARENTE type"
1293343,circumscribed intimal flap with right posterolateral blister
1046337,ischemic stroke due to left MCA occlusion in a very elderly patient with AF on OAC with subtherapeutic INR
1566896,hypertensive acute pulmonary edema in unrecognized anterior AMI
1673830,"syncope episode preceded by prodromes, possible hypotension; baseline conduction disorder (first-degree AVB, intermittent LBBB)"
47660,"Acute ischemia of the right lower limb in chronic atrial fibrillation without anticoagulant therapy, worsened by heart failure"
1719390,mixed aphasia
117253,Severe type I respiratory failure strongly suggestive of SARS-CoV-2 pneumonia
1185831,large right hydropneumothorax
1597341,acute decompensated HF with associated NSTE-ACS
232756,Likely VT in hypokinetic post-valvular cardiomyopathy
1600900,probable recurrence of seizure in pt with low-grade fever of ndd
1710432,NSTEMI in an 84-year-old patient with known severe AS
406425,ischemic stroke of possible cardioembolic origin
577861,Symptomatic seizures due to cerebrovascular sequelae in a patient with multiple comorbidities including brady-AF on DOAC therapy
657640,vasovagal syncope
617408,cholestatic jaundice
1596271,"cerebral hemorrhage in atypical location, right frontal"
1693986,pulmonary hypertension with sPAP 48 mmHg
1267371,"possible peptic ulcer with multiple risk factors (undiagnosed hypertension, heavy smoker, family history of CAD, lipid profile unknown)"
1406748,de novo rapid AF with heart failure in a diabetic patient on insulin therapy
1616033,likely recurrent seizure (in recent infectious event?)
1801121,LOC without clear etiology
483352,Heart failure with electrical storm
720643,Recurrent left-hemispheric TIA in near-occlusive stenosis of the left ICA
1592482,"recent ischemic lesion in the left SCA territory, occluded on CTA"
962237,Hypertensive acute pulmonary edema + anasarca in a diabetic patient
778035,mixed aphasia and mild weakness of the right lower limb with confusional state in the setting of two minute left frontal lesions to be characterized
1286031,situational LOC
1786905,right hemispheric ischemic stroke
1493242,Subacute anterior MI
1624751,anterior ST depression with negative T waves
739844,migrainous headache poorly responsive to acetaminophen
877808,status post mitral valve replacement with mean gradient 8.4 mmHg
309578,"Heart failure in ischemic cardiomyopathy with hypokinetic evolution (reduced EF known at least since April 2021), moderate mitral regurgitation"
36631,Subacute MI with severe hypokinetic evolution in known CAD complicated by cardiogenic shock
40446,right hemiparesis and difficulty with speech
1532382,Type I respiratory failure in known CAD
1201560,"bilateral pneumonia, intestinal occlusive picture, neurologic deterioration"
188532,likely cognitive decline
620299,left ureteral stent
1381705,chest pain possible mismatch in LUOGO during hypertensive crises
212197,Heart failure in valvular heart disease (patient with mechanical aortic and mitral prostheses)
1486911,"mild mitral regurgitation, mitral annular calcification with leaflet prolapse, fibrosis of aortic cusps with Vmax 1.8 m/s"
1215694,
934931,small lacerocontused wound
534026,
10733,
791742,
1580491,
1625961,"episode of LOC/presyncope during the wait at the post office, followed by a second episode of transient LOC in the ambulance"
1069342,
1301296,
105553,
1204844,
945160,palpitations with known extrasystoles
1364939,episodes of confusion with some forgetfulness
1535858,Occupational injury
1516547,
737137,
288086,
1177941,
861751,
1196451,
445933,
943405,
930390,
1044959,PSVT
1006646,
928848,herpes-like skin eruption below the right nostril with progressive swelling of the right lip and right mandible
1016026,
127399,
973982,
1417053,
590933,psychomotor agitation
704302,sepsis
700398,
887132,
1386882,
1646979,massive lymphedema of the BLE
1803422,
892749,hypertensive emergency
1693979,intercostal pain
344784,"non-concussive head trauma and right parietal laceration-contusion, and left hemicostal trauma with swelling and tenderness to palpation and with respiration"
1076158,"pneumonia in newly diagnosed acquired immunodeficiency + Candida esophagitis, Salmonella gastroenteritis"
681998,"left-sided chest pain of stabbing nature since yesterday morning, associated with palpitations, which changes with respiration and with digital pressure"
1064658,
334866,
900742,
1513526,
912658,hemoptysis
1222389,dyspnea with use of accessory muscles and onset of chest pain described as sharp retrosternal pain that does not vary with palpation or respiratory movements
935935,likely bilateral conjunctivitis
575098,hypertensive spike
295088,
1405544,
820050,
673120,
1357684,
1582770,
151539,
1401050,
841801,
967479,left hemithorax pain
651822,
542951,
1738470,
276929,
1284941,
1154861,presyncopal episode
380351,
1560059,blunt trauma to the R upper limb and R hemithorax
100360,
1029891,dyspnea with minimal exertion
1458195,Reported seizure in non-epileptic within 24 hours
571,rif. pain different from prior MI
534459,anxiety state
1538244,
633803,
143972,ventricular extrasystoles
1262490,
458001,Atypical chest pain
1120419,acute coronary syndrome
555825,suspected recurrent pneumothorax
619705,progressively worsening dyspnea for days
280454,
659179,acute pancreatitis
277812,
62877,
1707912,
1642359,
1288227,"right hemithorax pain described as stabbing, worse with palpation and non-radiating"
324066,
1429528,pruritic rash localized to the inframammary and inguinal regions
1376175,
1005489,right parietal hematoma
652693,chest pain in the left hemithorax varying with respirations and palpation
1098931,
1040928,
519384,
1629632,
838390,
1505103,
1687711,
1749432,
910325,new-onset elevated BP
425389,
1250079,
1311530,
1100577,
205183,
1702159,"end-stage COPD, hypoxic"
1545610,lumbosacral trauma
421938,
829414,acute gastroenteritis
1550436,
1168257,
667321,pulmonary consolidation of ndd
1559712,
899679,
1458643,pleuritic chest pain
323814,
1623018,Recurrence of pain at rest
607557,
1514271,
545734,
1534042,
703645,significant heart failure decompensation with dependent edema
535472,mild trauma to the right hemithorax
903555,
1456751,epigastralgia described as stabbing and at other times pressure-like
1019066,intermittent stabbing left hemithorax pain radiating posteriorly and to the ipsilateral arm
1485926,hypertensive emergency
1149492,
899334,
1718272,
522326,stabbing pain in the left hemithorax
1305948,
1545603,persistent epigastric burning sensation
1687749,
1190935,asthmatic bronchitis
390868,
763193,incidental finding of AF with high penetrance
1742951,
1373699,
132417,right hemithorax/right flank pain (pain increases with respiratory movements and palpation; SpO2 97% RA)
1566001,
1032636,
193198,
1333560,
743789,
705625,post-COVID persistent dyspnea with minimal exertion and chest heaviness
1117440,
1098168,laryngeal neoplasm at the glottic level
573042,pharyngotonsillitis
1214331,
821787,suspected tuberculosis
253272,arrhythmic palpitations
875268,COVID-19
1496983,
359711,
1566630,
987982,
656882,Non-concussive head trauma
1506830,
1010632,
445689,
1621400,
1265938,acute coronary syndrome
1581688,
1075832,suspected evolving MI
492535,swelling of lymph nodes at the base of the neck on the left and left subaxillary lymph nodes
1576279,
622033,
843085,
1613883,
546233,AF of undetermined duration
211922,
1536597,
376274,
1709006,
1540697,
528654,
402153,suspected diagnosis of asthmatic crisis
872376,respiratory difficulty in known COPD
605905,
681078,"LOC with associated nausea, vomiting, diarrhea, and pharyngodynia"
716704,pain of the left hemithorax in the setting of severe cough
1479432,allergic reaction
1671277,
1082736,
1171433,
1359108,
1359988,
531706,mitral valve replacement
155201,
